,plate 1,,,,,,,,,,,,,,,plate 3,,,,,,,,,,,,,,,plate 3,,,,,,,,,,,,,,,plate 4,,,,,,,,,,,,,,,plate 5,,,,,,,,,,,,,,,plate 5,,,,,,,,,,,,
,,IL2-060 monomeric,,,,,,,,,,,,,,,Cterm IL-2 monomeric WT,,,,,,,,,,,,,,,Cterm IL-2 monomeric V91K,,,,,,,,,,,,,,,IL2-109 monomeric,,,,,,,,,,,,,,,IL2-110 monomeric,,,,,,,,,,,,,,,Cterm N88D monomeric,,,,,,,,,,,
,,,,,,,,,,,,,,,,,,,,,,,,,,,,,,,,,,,,,,,,,,,,,,,,,,,,,,,,,,,,,,,,,,,,,,,,,,,,,,,,,,,,,,,,
,NK,,,,,,,,,,,,,,,NK,,,,,,,,,,,,,,,NK,,,,,,,,,,,,,,,NK,,,,,,,,,,,,,,,NK,,,,,,,,,,,,,,,NK,,,,,,,,,,,,
,nM treatment:,84,28,9.333333333,3.111111111,1.037037037,0.345679012,0.115226337,0.038408779,0.012802926,0.004267642,0.001422547,0.000474182,,,nM treatment:,84,28,9.333333333,3.111111111,1.037037037,0.345679012,0.115226337,0.038408779,0.012802926,0.004267642,0.001422547,0.000474182,,,nM treatment:,84,28,9.333333333,3.111111111,1.037037037,0.345679012,0.115226337,0.038408779,0.012802926,0.004267642,0.001422547,0.000474182,,,nM treatment:,84,28,9.333333333,3.111111111,1.037037037,0.345679012,0.115226337,0.038408779,0.012802926,0.004267642,0.001422547,0.000474182,,,nM treatment:,84,28,9.333333333,3.111111111,1.037037037,0.345679012,0.115226337,0.038408779,0.012802926,0.004267642,0.001422547,0.000474182,,,nM treatment:,84,28,9.333333333,3.111111111,1.037037037,0.345679012,0.115226337,0.038408779,0.012802926,0.004267642,0.001422547,0.000474182
,,1,2,3,4,5,6,7,8,9,10,11,12,,,,1,2,3,4,5,6,7,8,9,10,11,12,,,,1,2,3,4,5,6,7,8,9,10,11,12,,,,1,2,3,4,5,6,7,8,9,10,11,12,,,,1,2,3,4,5,6,7,8,9,10,11,12,,,,1,2,3,4,5,6,7,8,9,10,11,12
IL2-060 monomeric 4 hr,,2475.203613,2129.798584,1797.246094,1445.293213,1077.713989,1020.484375,951.5075684,887.5268555,865.5600586,809.4299316,736.5395508,783.3665771,,Cterm monomeric WT 4hr,,1708.166626,1793.668701,1705.027222,1425.827271,869.9249268,793.2165527,823.9492188,683.4976807,560.3129883,707.5661011,706.9342651,675.7497559,,Cterm monomeric V91K 4hr,,1038.953369,845.6425781,768.9055786,678.9749756,528.7090454,683.9267578,622.8300171,571.7451782,571.2094116,570.0654297,619.3754883,627.0232544,,IL2-109 monomeric 4 hr,,2118.11499,1794.38623,1636.824951,1129.44873,932.3088379,746.1972656,675.7991943,723.5162964,663.8430786,685.291748,737.1796875,654.631897,,IL2-110 monomeric 4 hr,,3182.074219,3214.050293,2996.542969,2408.019531,2031.165527,1448.213379,1632.325684,1211.189575,1539.627441,1412.61792,1333.349365,1435.294678,,Cterm monomeric N88D 4hr,,3179.923584,2849.574219,2798.099365,2902.405273,2668.89917,2387.410156,2323.956055,2146.994385,2193.022461,1961.82373,1602.695313,1271.25354
IL2-060 monomeric 2 hr,,2639.638184,2229.203369,1095.073853,808.1731567,813.3494263,799.3806763,727.5168457,688.1759033,696.9047852,684.3917847,659.4306641,689.5268555,,Cterm monomeric WT 2hr,,1746.69043,1651.171387,1006.57373,889.6633301,809.7553711,810.7994385,686.956543,612.5754395,709.1040039,709.5777588,701.0940552,644.3198242,,Cterm monomeric V91K 2hr,,950.8510742,738.7680054,684.0969849,666.4796143,624.9257202,519.0770264,601.3276367,605.5267334,440.3268738,482.1331177,542.9902344,492.0263062,,IL2-109 monomeric 2 hr,,1976.448486,1514.981445,874.6674194,796.3362427,799.3928833,686.4585571,616.1712646,705.6221924,703.0612793,680.322937,696.9835205,665.3496094,,IL2-110 monomeric 2 hr,,3479.963867,3684.546387,1811.452759,1737.85022,1473.519653,1327.067383,1259.488281,1358.331543,1235.656616,1178.894531,1236.512451,1177.353027,,Cterm monomeric N88D 2hr,,2447.615479,2340.41748,2313.339111,2055.117188,2050.324951,1847.38623,1683.704102,1766.44104,1714.039185,1723.908691,1759.13623,1728.75708
IL2-060 monomeric 1 hr,,3219.364502,2403.93335,951.1534424,908.8751221,880.3199463,841.3625488,805.4324951,720.5219727,790.0620728,765.0650635,734.2407227,653.1708984,,Cterm monomeric WT 1hr,,1692.343018,1221.849731,749.3634644,518.2542725,667.2907104,642.4945679,518.7287598,595.3120117,580.6062012,628.1097412,683.458313,588.5933228,,Cterm monomeric V91K 1hr,,1075.2948,852.097168,660.8383179,573.3863525,450.2684937,594.2842407,529.8001709,591.9520264,605.4902344,573.1376953,624.9019165,511.0914917,,IL2-109 monomeric 1 hr,,1908.504028,1472.383667,797.3670654,665.1710815,698.7648315,632.378479,684.9796753,605.9978027,648.7214966,622.8070679,565.8035889,588.5292969,,IL2-110 monomeric 1 hr,,4094.961426,3301.131104,1661.821533,1371.575317,996.8133545,1464.082031,1297.493896,1297.299927,1141.283691,1303.872192,1075.341064,987.2908325,,Cterm monomeric N88D 1hr,,2177.415039,2477.743164,1937.757324,1893.658447,1772.547363,1928.814697,1598.224487,1595.742676,1508.007935,1485.854126,1381.647949,1374.405273
IL2-060 monomeric 30 min,,2876.571045,2581.425293,1015.141479,973.3278198,851.3077393,897.1359253,848.6878052,730.4856567,619.6997681,686.4278564,692.8763428,704.8968506,,Cterm monomeric WT 30min,,1727.200439,1575.56958,736.4750366,599.6741943,645.1920776,655.7686157,584.1417847,563.6767578,595.1552734,558.8737793,593.0952148,494.674469,,Cterm monomeric V91K 30min,,1223.880249,852.6152344,601.3223267,565.5762939,515.9909058,591.9710083,608.3953857,578.6848755,514.5413818,516.3358154,578.1960449,462.6956482,,IL2-109 monomeric 30 min,,1979.70166,1600.045532,799.756897,756.4538574,822.0748901,669.2045898,637.2848511,655.1171875,680.2852783,561.2364502,565.6164551,610.0377197,,IL2-110 monomeric 30 min,,4321.519531,3191.50708,1557.207153,1527.777588,1474.513794,1266.530273,1233.591797,1324.209839,1380.54834,1399.56665,1181.439575,1174.89978,,Cterm monomeric N88D 30min,,2024.344971,1982.945801,1511.703613,1671.589111,1585.864746,1690.277832,1569.236328,1407.915161,1435.412964,1289.1875,1173.739502,1319.662231
,,,,,,,,,,,,,,,,,,,,,,,,,,,,,,,,,,,,,,,,,,,,,,,,,,,,,,,,,,,,,,,,,,,,,,,,,,,,,,,,,,,,,,,,
,CD8+,,,,,,,,,,,,,,,CD8+,,,,,,,,,,,,,,,CD8+,,,,,,,,,,,,,,,CD8+,,,,,,,,,,,,,,,CD8+,,,,,,,,,,,,,,,CD8+,,,,,,,,,,,,
,nM treatment:,84,28,9.333333333,3.111111111,1.037037037,0.345679012,0.115226337,0.038408779,0.012802926,0.004267642,0.001422547,0.000474182,,,nM treatment:,84,28,9.333333333,3.111111111,1.037037037,0.345679012,0.115226337,0.038408779,0.012802926,0.004267642,0.001422547,0.000474182,,,nM treatment:,84,28,9.333333333,3.111111111,1.037037037,0.345679012,0.115226337,0.038408779,0.012802926,0.004267642,0.001422547,0.000474182,,,nM treatment:,84,28,9.333333333,3.111111111,1.037037037,0.345679012,0.115226337,0.038408779,0.012802926,0.004267642,0.001422547,0.000474182,,,nM treatment:,84,28,9.333333333,3.111111111,1.037037037,0.345679012,0.115226337,0.038408779,0.012802926,0.004267642,0.001422547,0.000474182,,,nM treatment:,84,28,9.333333333,3.111111111,1.037037037,0.345679012,0.115226337,0.038408779,0.012802926,0.004267642,0.001422547,0.000474182
,,1,2,3,4,5,6,7,8,9,10,11,12,,,,1,2,3,4,5,6,7,8,9,10,11,12,,,,1,2,3,4,5,6,7,8,9,10,11,12,,,,1,2,3,4,5,6,7,8,9,10,11,12,,,,1,2,3,4,5,6,7,8,9,10,11,12,,,,1,2,3,4,5,6,7,8,9,10,11,12
IL2-060 monomeric 4 hr,,3596.01001,2486.340576,1699.869629,1153.601074,985.151123,951.6590576,913.6897583,858.8361816,832.2089844,800.0726318,812.520874,782.2807007,,Cterm monomericWT 4hr,,2728.051758,2476.32959,1896.476807,1328.900146,904.3615112,894.2636719,872.5247803,860.3341675,729.6166992,810.576355,866.9633789,794.2912598,,Cterm monomeric V91K 4hr,,1021.74408,911.6481934,811.4567261,778.281311,721.2047729,787.7523804,732.3279419,722.6519165,726.1600342,746.5259399,757.7098999,727.7128906,,IL2-109 monomeric 4 hr,,2693.09082,1835.770508,1318.514404,965.6174316,909.0499268,799.2727661,801.5889893,783.861145,759.1513672,758.3335571,740.6636353,752.199585,,IL2-110 monomeric 4 hr,,4520.912109,3803.858398,2487.765625,1770.582397,1579.243164,1270.573975,1353.82605,1141.143555,1326.294189,1200.457153,1187.435791,1203.136108,,Cterm monomeric N88D 4hr,,2638.20459,2381.253418,2332.662598,2287.227051,2166.783691,1916.058105,1863.491943,1775.709717,1804.88147,1628.290283,1263.169434,1110.396729
IL2-060 monomeric 2 hr,,3377.813477,2214.421631,972.4195557,880.8483887,861.5151978,831.5705566,817.4619141,782.6212158,790.6083374,774.5836182,770.9215698,750.4420776,,Cterm monomeric WT 2hr,,2046.535889,1510.527588,932.5661621,903.199585,870.0396729,914.0440674,784.6306152,802.9734497,808.3230591,793.7416992,780.7805176,770.2061768,,Cterm monomeric V91K 2hr,,1164.106445,827.7385254,756.0375366,755.7420654,763.3218994,734.4085693,748.7849731,778.3262939,742.0449829,743.8331299,746.1286621,702.2488403,,IL2-109 monomeric 2 hr,,2316.259766,1370.7146,883.7076416,819.3280029,827.7484131,783.7731934,755.4197998,756.3610229,764.2897949,798.1849365,752.232666,736.2597656,,IL2-110 monomeric 2 hr,,4328.643555,3122.566895,1491.975098,1507.562134,1317.429199,1198.718262,1197.828735,1184.798584,1169.281372,1174.328857,1104.714355,1097.940674,,Cterm monomeric N88D 2hr,,2003.311401,1888.028564,1751.492432,1522.896973,1643.19458,1408.361572,1437.92395,1543.72876,1405.515503,1378.011963,1480.563232,1478.123047
IL2-060 monomeric 1 hr,,4098.824219,2613.611328,973.0355225,894.7504272,875.722168,855.7417603,784.6571045,795.1448975,804.1572266,803.6490479,780.9430542,745.5634766,,Cterm monomeric WT 1hr,,2339.609619,1448.628296,874.3981934,727.8670654,799.5633545,777.7536011,744.8146362,816.7491455,789.8590088,748.9191895,740.4041748,720.8963623,,Cterm monomeric V91K 1hr,,1098.805054,834.6463013,802.2611694,728.0889893,694.0419312,752.293335,733.5576172,716.661499,752.8088989,754.9283447,780.6386719,727.5202026,,IL2-109 monomeric 1 hr,,2323.611572,1331.035156,778.4642334,745.3664551,703.9912109,753.5585938,731.9724731,774.4326782,735.1216431,705.3329468,713.4179688,685.9023438,,IL2-110 monomeric 1 hr,,5208.883301,2878.100342,1374.275269,1207.348999,953.9945679,1218.233032,1128.978638,1223.359131,1113.336914,1154.103271,995.2570801,973.5505981,,Cterm monomeric N88D 1hr,,1850.047607,1841.835205,1508.250488,1522.562744,1363.86377,1501.8479,1294.781006,1275.929688,1209.0979,1166.994141,1149.418335,1129.673828
IL2-060 monomeric 30 min,,4281.480469,2735.151611,898.1820068,862.0006714,870.8248291,790.4116211,853.581543,798.2477417,725.8145752,745.6154785,745.0803223,734.7471924,,Cterm monomeric WT 30min,,2433.204346,1738.365479,871.2005615,779.6685181,769.9850464,744.4932251,698.7297363,790.6621094,772.1951904,743.4250488,714.4041748,708.5341797,,Cterm monomeric V91K 30min,,1142.631226,961.1524658,785.9802246,698.8833008,730.4312744,737.6789551,751.3953857,726.3112793,726.3308716,693.6478271,698.8148193,699.7359619,,IL2-109 monomeric 30 min,,2626.689941,1558.089722,820.078186,845.8555298,818.8010254,764.9467773,772.9475098,735.8959961,727.0211182,736.8112793,729.7550659,709.7427368,,IL2-110 monomeric 30 min,,6270.67627,3493.397217,1259.646484,1387.197632,1419.155273,1257.087646,1211.798096,1194.956299,1322.422729,1259.881348,1088.556885,1082.219971,,Cterm monomeric N88D 30min,,1563.898926,1551.63208,1278.307251,1332.341309,1268.462402,1371.261475,1233.808594,1158.268433,1165.271484,1097.380981,1031.122681,1089.568237
,,,,,,,,,,,,,,,,,,,,,,,,,,,,,,,,,,,,,,,,,,,,,,,,,,,,,,,,,,,,,,,,,,,,,,,,,,,,,,,,,,,,,,,,
,T-reg,,,,,,,,,,,,,,,T-reg,,,,,,,,,,,,,,,T-reg,,,,,,,,,,,,,,,T-reg,,,,,,,,,,,,,,,T-reg,,,,,,,,,,,,,,,T-reg,,,,,,,,,,,,
,nM treatment:,84,28,9.333333333,3.111111111,1.037037037,0.345679012,0.115226337,0.038408779,0.012802926,0.004267642,0.001422547,0.000474182,,,nM treatment:,84,28,9.333333333,3.111111111,1.037037037,0.345679012,0.115226337,0.038408779,0.012802926,0.004267642,0.001422547,0.000474182,,,nM treatment:,84,28,9.333333333,3.111111111,1.037037037,0.345679012,0.115226337,0.038408779,0.012802926,0.004267642,0.001422547,0.000474182,,,nM treatment:,84,28,9.333333333,3.111111111,1.037037037,0.345679012,0.115226337,0.038408779,0.012802926,0.004267642,0.001422547,0.000474182,,,nM treatment:,84,28,9.333333333,3.111111111,1.037037037,0.345679012,0.115226337,0.038408779,0.012802926,0.004267642,0.001422547,0.000474182,,,nM treatment:,84,28,9.333333333,3.111111111,1.037037037,0.345679012,0.115226337,0.038408779,0.012802926,0.004267642,0.001422547,0.000474182
,,1,2,3,4,5,6,7,8,9,10,11,12,,,,1,2,3,4,5,6,7,8,9,10,11,12,,,,1,2,3,4,5,6,7,8,9,10,11,12,,,,1,2,3,4,5,6,7,8,9,10,11,12,,,,1,2,3,4,5,6,7,8,9,10,11,12,,,,1,2,3,4,5,6,7,8,9,10,11,12
IL2-060 monomeric 4 hr,,34350.58203,33630.83594,31699.03906,32487.75977,30211.84766,30480.54297,26133.37695,27174.48633,16828.46484,8735.724609,3350.366455,1968.130493,,Cterm monomericWT 4hr,,25593.49805,27402.89844,25247.97461,25411.41406,24229.0957,25619.10156,22488.33594,19473.54102,13830.75586,4761.478027,3001.246094,2012.150513,,Cterm monomeric V91K 4hr,,16646.59766,19160.00586,18952.56055,15877.43164,13138.15625,11585.97754,5910.702637,3360.058594,1781.201904,1700.206177,1919.4646,1471.479492,,IL2-109 monomeric 4 hr,,29517.81836,23996.88281,25525.16797,21582.39063,19976.98047,17429.3125,10741.1084,4481.224121,2914.953125,2171.618896,1958.979736,1982.631348,,IL2-110 monomeric 4 hr,,29331.60352,32407.26367,25281.35156,18151.35547,10833.16992,5870.519043,3276.044434,2932.397949,2292.256104,2442.112793,2886.67749,2790.009277,,Cterm monomeric N88D 4hr,,30162.19531,28350.41406,25953.3125,18043.92969,12076.86035,5829.391113,4963.615234,3375.911133,3172.654053,2778.894531,2231.977783,2427.82666
IL2-060 monomeric 2 hr,,32081.71484,35709.29297,32122.81836,35779.51172,26706.87891,28009.4707,17186.43555,5531.536133,2499.690186,2898.150879,2605.766113,2032.66748,,Cterm monomeric WT 2hr,,24612.07813,22639.0918,25631.86914,20901.57031,20110.80859,18234.17969,11889.29102,4491.889648,1902.450195,1744.29834,1585.822754,1459.610352,,Cterm monomeric V91K 2hr,,19717.33203,18175.20703,15544.3418,12467.88086,2989.806152,4070.613525,2182.836426,1722.446045,1449.44397,1464.829102,1568.013428,1166.706421,,IL2-109 monomeric 2 hr,,23958.54688,23090.38086,22523.57031,16806.84766,11487.68262,4580.947266,2737.247314,2583.133301,2071.221924,1972.614502,2360.152588,1824.098022,,IL2-110 monomeric 2 hr,,35874.21875,29533.75781,10575.33008,7043.634766,3637.767822,2749.399414,2734.275146,2698.12793,2424.59375,2601.625488,2551.478027,2354.667969,,Cterm monomeric N88D 2hr,,26454.32422,23173.18164,10579.11133,4534.646484,3601.56665,2954.819824,2344.760986,2189.667725,2770.989014,2784.246826,2176.999512,2567.904297
IL2-060 monomeric 1 hr,,37354.04688,37748.91797,36665.17188,37072.76172,28421.68555,30589.16602,8612.255859,4038.156982,3566.95459,2098.328613,2214.692871,1810.1521,,Cterm monomeric WT 1hr,,23145.43359,19186.55664,20880.71289,19358.875,15337.75488,11595.48242,6190.002441,2463.044189,1623.64209,1318.395142,1441.942627,1558.67627,,Cterm monomeric V91K 1hr,,18135.53711,18679.5957,10427.9375,4680.821777,2235.388428,1753.070557,1752.631104,1608.18811,1557.687256,1518.095093,1461.112793,1208.941528,,IL2-109 monomeric 1 hr,,27248.47461,23838.59766,22442.38281,12421.97949,3936.724609,2225.625977,2352.938965,2547.775391,2004.959351,1969.478027,1911.556641,1807.776123,,IL2-110 monomeric 1 hr,,38037.08984,32264.7207,4858.530273,5388.884766,3199.844238,3014.473145,3168.871826,2920.20166,2896.727051,3404.321777,2567.2771,2317.685547,,Cterm monomeric N88D 1hr,,30618.23438,23957.66016,3906.769531,4323.195313,2902.228027,2359.243408,2451.896973,2487.614014,2336.359375,2816.438721,2303.743408,2732.313477
IL2-060 monomeric 30 min,,33800.71094,38829.55469,34139.67188,35602.78906,24765.51758,31989.69727,10601.41797,8774.289063,2665.33374,2680.043701,2269.393799,2568.927979,,Cterm monomeric WT 30min,,23159.60938,22357.58008,20312.73242,17966.86328,15968.87695,12543.15039,3730.277588,1886.815063,1661.467529,1552.150757,1257.759521,1212.351807,,Cterm monomeric V91K 30min,,24384.53516,23161.00586,7591.619141,3224.47998,2314.416016,2583.683838,1692.936523,1982.343506,1584.588135,2177.90625,1503.375,1616.833496,,IL2-109 monomeric 30 min,,29524.07617,24603.33203,19953.95313,12664.09961,3466.469727,2461.394531,2803.967285,2113.522949,2378.054199,2073.775391,2098.861816,1812.12915,,IL2-110 monomeric 30 min,,44187.17969,36931.32422,5562.719727,3726.046387,3615.428711,3258.894775,2904.540527,2925.556641,3535.808105,3073.61084,2580.660645,2428.942139,,Cterm monomeric N88D 30min,,33378.34375,21728.47461,3233.689941,2487.517334,2756.832031,2653.109619,2513.986816,2715.675049,2341.682373,2404.84375,2216.584473,2016.793091
,,,,,,,,,,,,,,,,,,,,,,,,,,,,,,,,,,,,,,,,,,,,,,,,,,,,,,,,,,,,,,,,,,,,,,,,,,,,,,,,,,,,,,,,
,Naive Treg,,,,,,,,,,,,,,,Naive Treg,,,,,,,,,,,,,,,Naive Treg,,,,,,,,,,,,,,,Naive Treg,,,,,,,,,,,,,,,Naive Treg,,,,,,,,,,,,,,,Naive Treg,,,,,,,,,,,,
,nM treatment:,84,28,9.333333333,3.111111111,1.037037037,0.345679012,0.115226337,0.038408779,0.012802926,0.004267642,0.001422547,0.000474182,,,nM treatment:,84,28,9.333333333,3.111111111,1.037037037,0.345679012,0.115226337,0.038408779,0.012802926,0.004267642,0.001422547,0.000474182,,,nM treatment:,84,28,9.333333333,3.111111111,1.037037037,0.345679012,0.115226337,0.038408779,0.012802926,0.004267642,0.001422547,0.000474182,,,nM treatment:,84,28,9.333333333,3.111111111,1.037037037,0.345679012,0.115226337,0.038408779,0.012802926,0.004267642,0.001422547,0.000474182,,,nM treatment:,84,28,9.333333333,3.111111111,1.037037037,0.345679012,0.115226337,0.038408779,0.012802926,0.004267642,0.001422547,0.000474182,,,nM treatment:,84,28,9.333333333,3.111111111,1.037037037,0.345679012,0.115226337,0.038408779,0.012802926,0.004267642,0.001422547,0.000474182
,,1,2,3,4,5,6,7,8,9,10,11,12,,,,1,2,3,4,5,6,7,8,9,10,11,12,,,,1,2,3,4,5,6,7,8,9,10,11,12,,,,1,2,3,4,5,6,7,8,9,10,11,12,,,,1,2,3,4,5,6,7,8,9,10,11,12,,,,1,2,3,4,5,6,7,8,9,10,11,12
IL2-060 monomeric 4 hr,,24976.48438,22605.16406,23868.37891,23857.75195,22202.85742,23044.83008,20815.37305,20280.77148,11693.16016,4866.611816,2237.188232,1559.456787,,Cterm monomericWT 4hr,,20703.86328,19901.36133,19802.46875,20312.08594,19029.85938,21180.66602,20292.95117,16376.36328,12264.15137,4854.015625,2435.062012,1795.959961,,Cterm monomeric V91K 4hr,,12921.56836,13503.48242,14906.05762,13910.68262,11692.68457,6995.649414,4730.808105,3016.112305,1456.666016,1321.330811,1753.376709,1116.73999,,IL2-109 monomeric 4 hr,,21705.73828,16966.99219,20164.87305,15945.69824,14475.43359,12184.97266,7228.078125,2804.359863,2594.41626,1649.402344,1598.512695,2187.781982,,IL2-110 monomeric 4 hr,,23817,28564.14844,18744.0918,15441.77246,8026.178223,4573.263672,3389.55957,3074.803955,1828.666016,2654.381592,2768.627686,2729.102783,,Cterm monomeric N88D 4hr,,25737.24609,20815.49609,21584.60156,16884.85938,9626.28125,5943.492188,5136.165039,3234.323242,3188.529053,3054.747559,2256.039307,2478.480469
IL2-060 monomeric 2 hr,,25248.83984,26283.12891,24134.69141,24868.78906,18272.28125,19835.92969,10694.55078,4860.901367,2074.030762,2532.961426,1865.943848,1593.27124,,Cterm monomeric WT 2hr,,18344.01953,15623.76953,18560.89648,15855.12402,16591.56445,12949.24707,7064.424805,3658.385742,1425.410645,1377.424438,1110.008057,1368.503662,,Cterm monomeric V91K 2hr,,14029.12402,13084.53125,9848.226563,11206.10352,2251.198242,2986.49292,1744.347412,1129.375,977.9705811,1143.827881,1292.702393,769.2420654,,IL2-109 monomeric 2 hr,,18480.47461,17201.61719,13944.27344,10729.13379,5914.983887,3021.518311,1717.97583,2022.970093,1932.356689,1502.400879,2085.572754,1333.983887,,IL2-110 monomeric 2 hr,,29961.76563,21455.2207,8252.259766,5497.244141,3302.48291,2557.033936,2449.469971,2689.890137,2097.947021,2455.536133,2272.041992,2145.000977,,Cterm monomeric N88D 2hr,,19178.85938,16790.89844,6531.35791,3651.85498,3690.973389,3058.698242,2671.482178,2218.350098,2890.414551,2688.924805,1960.457031,2633.491455
IL2-060 monomeric 1 hr,,30456.68164,28097.26563,28885,29862.24414,23145.82031,22398.35547,6254.201172,3191.943848,2888.688232,1991.233154,1712.448242,1408.065674,,Cterm monomeric WT 1hr,,19794.38672,14818.85547,16591.82031,14762.66211,13250.19238,7561.283203,4469.958496,2171.104492,1370.043457,1370.68689,1110.944092,1286.563477,,Cterm monomeric V91K 1hr,,14721.52148,13059.03418,9282.880859,2481.623535,1880.238525,1569.208252,1524.089111,1299.427979,1195.070923,1195.334229,1364.751953,847.1516113,,IL2-109 monomeric 1 hr,,20274.98438,18152.60938,16708.41602,6908.375488,2789.510986,1710.732178,1999.083496,1778.711914,1488.238892,1505.115479,1956.985596,1479.611572,,IL2-110 monomeric 1 hr,,31135,27430.83594,4076.204834,4720.666992,3160.767578,2988.073486,3157.498535,2740.31665,3108.777832,3308.870117,2230.171875,2463.798828,,Cterm monomeric N88D 1hr,,22952.4375,22136.03125,4710.250977,5294.643066,2850.779541,2368.648438,2425.198242,2620.570801,2210.691406,2549.906738,2053.793213,2818.993408
IL2-060 monomeric 30 min,,24408.9375,26693.33203,28465.5293,29092.75977,19882.47852,22847.35352,8546.109375,7407.752441,2347.62207,2022.033691,1942.451538,1770.733032,,Cterm monomeric WT 30min,,19078.25586,19316.20898,15942,15387.37012,11346.07617,10590.26172,3080.602783,1500.561035,1508.35144,1203.28186,1086.384521,978.137085,,Cterm monomeric V91K 30min,,20646.99219,18657.94727,4261.030762,2416.70459,1780.353394,2554.286621,1446.355103,1843.79187,1330.038208,1954.106567,1202.766602,1255.92749,,IL2-109 monomeric 30 min,,20933.92969,19481.00391,13439.36426,10540.88477,2981.470215,1852.228394,2790.226074,1899.894287,2380.646729,1868.722412,2449.65625,1472.269043,,IL2-110 monomeric 30 min,,36543.86328,26934.99609,4473.96582,3532.062012,3221.376465,3094.045166,2605.70752,2511.900146,2642.80542,2694.886963,2373.201172,2187.244385,,Cterm monomeric N88D 30min,,26115.20898,19584.91016,2198.099854,2093.994629,2047.283203,2422.316406,2955.825195,3425.285645,2384.924316,2239.027832,2259.710449,1925.676025
,,,,,,,,,,,,,,,,,,,,,,,,,,,,,,,,,,,,,,,,,,,,,,,,,,,,,,,,,,,,,,,,,,,,,,,,,,,,,,,,,,,,,,,,
,Mem Treg,,,,,,,,,,,,,,,Mem Treg,,,,,,,,,,,,,,,Mem Treg,,,,,,,,,,,,,,,Mem Treg,,,,,,,,,,,,,,,Mem Treg,,,,,,,,,,,,,,,Mem Treg,,,,,,,,,,,,
,nM treatment:,84,28,9.333333333,3.111111111,1.037037037,0.345679012,0.115226337,0.038408779,0.012802926,0.004267642,0.001422547,0.000474182,,,nM treatment:,84,28,9.333333333,3.111111111,1.037037037,0.345679012,0.115226337,0.038408779,0.012802926,0.004267642,0.001422547,0.000474182,,,nM treatment:,84,28,9.333333333,3.111111111,1.037037037,0.345679012,0.115226337,0.038408779,0.012802926,0.004267642,0.001422547,0.000474182,,,nM treatment:,84,28,9.333333333,3.111111111,1.037037037,0.345679012,0.115226337,0.038408779,0.012802926,0.004267642,0.001422547,0.000474182,,,nM treatment:,84,28,9.333333333,3.111111111,1.037037037,0.345679012,0.115226337,0.038408779,0.012802926,0.004267642,0.001422547,0.000474182,,,nM treatment:,84,28,9.333333333,3.111111111,1.037037037,0.345679012,0.115226337,0.038408779,0.012802926,0.004267642,0.001422547,0.000474182
,,1,2,3,4,5,6,7,8,9,10,11,12,,,,1,2,3,4,5,6,7,8,9,10,11,12,,,,1,2,3,4,5,6,7,8,9,10,11,12,,,,1,2,3,4,5,6,7,8,9,10,11,12,,,,1,2,3,4,5,6,7,8,9,10,11,12,,,,1,2,3,4,5,6,7,8,9,10,11,12
IL2-060 monomeric 4 hr,,38239.48438,38577.16797,36508.74609,37223.59766,33399.00391,35100.97656,29346.57031,32827.75781,21249.42188,10093.3291,3761.96582,2380.794434,,Cterm monomericWT 4hr,,29324.80859,32023.66406,28275.82617,27860.12891,26202.63477,27454.91406,26002.76953,22291.73047,14549.93945,4535.389648,3324.802246,2169.930908,,Cterm monomeric V91K 4hr,,18645.63281,21408.60547,22246.58984,18063.91797,14321.77051,13137.94727,5910.702637,3792.559326,2062.623047,1988.946777,2046.722412,1592.228027,,IL2-109 monomeric 4 hr,,31858.55859,26980.96289,28114.58594,24062.60938,22103.32422,19438.48633,12346.26758,4994.445801,3332.480957,2483.145752,2021.689819,2007.004883,,IL2-110 monomeric 4 hr,,31999.00586,34146.96484,27734.71484,21354.96484,13888.97461,6934.114746,3270.355469,2877.889404,2459.501465,2334.235596,2877.445801,2885.815918,,Cterm monomeric N88D 4hr,,37290.60156,33455.12891,32255.88672,18470.625,15197.81934,5613.022949,4897.140625,3402.821289,2995.104004,2666.503662,2253.486816,2418.441406
IL2-060 monomeric 2 hr,,39663.86328,40490.80469,38818.70313,39892.26563,32116.93555,32209.07813,21044.04688,5870.375,2728.631592,2978.823242,2981.811035,2357.145508,,Cterm monomeric WT 2hr,,27174.0293,26692.95117,30756.49219,23450.80859,24338.79297,21826.9375,15977.62109,5348.349609,2040.942871,1857.171387,2068.878174,1617.696533,,Cterm monomeric V91K 2hr,,24084.74609,22389.11523,19077.14063,14476.04395,3142.468262,5160.388184,2377.278809,1946.486084,1747.914917,1614.548706,1622.813721,1382.931641,,IL2-109 monomeric 2 hr,,28369.14844,26317.42188,25218.00977,19249.71875,13433.70703,5447.03418,3160.015625,2883.108398,2155.4375,2024.226929,2465.783936,1898.019531,,IL2-110 monomeric 2 hr,,38934.38281,33443.17188,13493.23438,7043.634766,3667.429199,2778.401123,2824.876709,2618.463867,2631.194092,2615.263916,2612.369629,2478.185791,,Cterm monomeric N88D 2hr,,37353.44141,31884.54883,14522.63184,4651.694824,3583.321289,2948.67334,2262.092773,2177.981934,2623.17334,2736.259277,2129.779541,2478.84082
IL2-060 monomeric 1 hr,,42975.44531,42633.34766,42931.09766,43693.95313,30767.20117,34503.875,10688.90625,4631.302246,4270.737793,2098.328613,2452.587402,2099.940674,,Cterm monomeric WT 1hr,,26260.27539,21428.54102,22803.58594,21875.64063,16385.55078,12987.73535,8145.570313,2756.983398,1802.617432,1392.998657,1673.2854,1687.737061,,Cterm monomeric V91K 1hr,,20327.875,20416.63477,11120.26367,6592.962402,2258.919922,1914.437378,1859.91748,1646.802002,1732.343872,1727.874023,1556.752563,1351.482178,,IL2-109 monomeric 1 hr,,29047.45117,26465.66211,25095.67578,14200.3623,5293.810547,2495.874268,2519.496338,2645.585938,2103.589355,2047.425293,1961.235352,1807.776123,,IL2-110 monomeric 1 hr,,41066.14453,38008.57422,6519.687012,5855.699219,3233.749512,3000.556641,3203.948486,3161.793457,2764.329102,3437.283936,2685.175293,2299.366455,,Cterm monomeric N88D 1hr,,39337.67188,27337.81641,3286.851807,4095.606445,2906.136475,2374.581543,2427.532715,2374.625977,2377.716797,2894.751709,2406.5354,2720.883789
IL2-060 monomeric 30 min,,38195.14063,42635.75391,40784.79297,41198.55469,28114.43555,34269.6875,12422.91797,9562.84375,3103.804932,2958.3396,2389.811035,2912.751953,,Cterm monomeric WT 30min,,25655.75195,25014.02734,23005.1543,21133.29883,18412.00977,14312.97852,4180.542969,2231.488525,1784.303467,1692.114624,1296.743164,1309.448975,,Cterm monomeric V91K 30min,,26441.7832,25006.56445,10939.32813,3819.11084,2603.592285,2642.38501,1818.671143,2050.961182,1924.227295,2183.269775,1646.681885,1706.114014,,IL2-109 monomeric 30 min,,32880.34766,27306.2832,22425.31641,14254.14063,4021.328613,2722.103516,2849.368652,2329.273926,2410.12085,2248.849609,2141.187256,2036.705078,,IL2-110 monomeric 30 min,,49151.39844,46467.13672,5666.598633,4047.223145,3791.825195,3312.130371,3284.244385,3062.246338,3944.801758,3227.22876,2636.443359,2541.175537,,Cterm monomeric N88D 30min,,41662.36719,24669.32422,3233.689941,2951.236328,2874.166016,2689.187012,2484.590332,2579.285645,2382.003174,2477.709473,2130.932373,2052.231934
,,,,,,,,,,,,,,,,,,,,,,,,,,,,,,,,,,,,,,,,,,,,,,,,,,,,,,,,,,,,,,,,,,,,,,,,,,,,,,,,,,,,,,,,
,T-helper,,,,,,,,,,,,,,,T-helper,,,,,,,,,,,,,,,T-helper,,,,,,,,,,,,,,,T-helper,,,,,,,,,,,,,,,T-helper,,,,,,,,,,,,,,,T-helper,,,,,,,,,,,,
,nM treatment:,84,28,9.333333333,3.111111111,1.037037037,0.345679012,0.115226337,0.038408779,0.012802926,0.004267642,0.001422547,0.000474182,,,nM treatment:,84,28,9.333333333,3.111111111,1.037037037,0.345679012,0.115226337,0.038408779,0.012802926,0.004267642,0.001422547,0.000474182,,,nM treatment:,84,28,9.333333333,3.111111111,1.037037037,0.345679012,0.115226337,0.038408779,0.012802926,0.004267642,0.001422547,0.000474182,,,nM treatment:,84,28,9.333333333,3.111111111,1.037037037,0.345679012,0.115226337,0.038408779,0.012802926,0.004267642,0.001422547,0.000474182,,,nM treatment:,84,28,9.333333333,3.111111111,1.037037037,0.345679012,0.115226337,0.038408779,0.012802926,0.004267642,0.001422547,0.000474182,,,nM treatment:,84,28,9.333333333,3.111111111,1.037037037,0.345679012,0.115226337,0.038408779,0.012802926,0.004267642,0.001422547,0.000474182
,,1,2,3,4,5,6,7,8,9,10,11,12,,,,1,2,3,4,5,6,7,8,9,10,11,12,,,,1,2,3,4,5,6,7,8,9,10,11,12,,,,1,2,3,4,5,6,7,8,9,10,11,12,,,,1,2,3,4,5,6,7,8,9,10,11,12,,,,1,2,3,4,5,6,7,8,9,10,11,12
IL2-060 monomeric 4 hr,,8384.455078,5542.208008,4122.351563,3351.645508,2683.315918,2930.109375,2521.63208,2106.100098,1759.980225,1572.119385,1300.682861,1302.634521,,Cterm monomericWT 4hr,,8801.570313,7619.746094,6630.005859,4773.656738,3641.182129,3189.190918,2417.141846,1943.787598,1617.406738,1450.128174,1397.697876,1432.860718,,Cterm monomeric V91K 4hr,,3354.992432,2876.694824,2652.843994,2187.838379,1778.721191,1612.981201,1538.892578,1444.377197,1335.565674,1320.971436,1398.81311,1308.412109,,IL2-109 monomeric 4 hr,,8005.956543,5616.936523,4427.37207,3137.879883,2649.937012,2284.442383,1997.280518,1854.819824,1801.642578,1782.88855,1770.008545,1572.456787,,IL2-110 monomeric 4 hr,,6182.458008,5207.681641,3233.884766,2660.756104,1912.209717,2043.118408,1917.838623,1804.760742,1831.156372,1967.259888,1950.603027,2102.941895,,Cterm monomeric N88D 4hr,,3452.095703,3204.347168,2740.751709,2461.766113,2219.493164,2143.083984,2160.92627,2067.157715,2093.098389,2090.281494,1883.759277,1770.440186
IL2-060 monomeric 2 hr,,4136.228516,3918.181396,2851.503662,3095.773682,2295.067871,1936.392578,1509.021484,1643.626465,1568.282471,1545.311523,1579.220459,1559.732422,,Cterm monomeric WT 2hr,,4674.777344,3715.690674,2925.805176,2495.987305,2317.578613,1831.555542,1559.009766,1403.699951,1387.40271,1371.782837,1385.430054,1296.249023,,Cterm monomeric V91K 2hr,,2870.843262,2469.178223,1906.693115,1716.436035,1562.859253,1553.305176,1538.457031,1421.592285,1278.017456,1282.388428,1158.23291,988.4744263,,IL2-109 monomeric 2 hr,,4441.822266,4038.615234,2566.445313,2221.974609,2144.02832,1902.120361,1943.980469,1876.758911,1804.99585,1885.440918,1925.637695,1674.689575,,IL2-110 monomeric 2 hr,,5363.78125,4000.240479,2285.772217,2253.356201,2112.595459,2018.856201,2007.832275,1973.471924,2005.477417,2057.188965,1903.132813,1978.01001,,Cterm monomeric N88D 2hr,,3167.93335,2580.435059,1944.394043,2089.97998,1958.500488,1893.156494,1780.095581,1574.29541,1869.015259,1864.57666,1755.67041,1857.290039
IL2-060 monomeric 1 hr,,7900.640137,6043.882324,3941.681396,3611.085449,2415.236572,1973.390747,1513.938477,1588.276978,1527.223145,1413.699585,1525.542236,1405.642212,,Cterm monomeric WT 1hr,,5649.0625,4356.762695,2707.217529,2071.967041,1792.558838,1424.085938,1458.985962,1282.421631,1188.42688,1206.386353,1230.998291,1365.483765,,Cterm monomeric V91K 1hr,,3484.18335,2861.39502,1801.949951,1642.750122,1581.022705,1659.419067,1501.38208,1479.380127,1430.473633,1280.696655,1321.732178,1032.588257,,IL2-109 monomeric 1 hr,,6218.794922,4427.128418,2306.448975,1893.37915,1750.728516,1764.395874,1888.781006,1756.763306,1840.1073,1694.083374,1631.675171,1371.710693,,IL2-110 monomeric 1 hr,,9003.447266,4774.592773,2432.263184,2544.866699,2260.42041,2357.93335,2184.20166,2154.276123,2303.482178,2269.828857,2001.857666,1803.172363,,Cterm monomeric N88D 1hr,,3295.265625,2623.698242,1985.942139,2250.681641,1941.630615,1969.451172,1963.863525,1981.342529,1935.290649,1848.235718,1812.03894,1944.669434
IL2-060 monomeric 30 min,,12627.36914,12862.87109,4572.583984,3392.043457,2004.940674,2227.503662,1581.079468,1663.965576,1709.275391,1732.097168,1666.12854,1576.052002,,Cterm monomeric WT 30min,,10582.04102,9021.990234,2330.900635,1890.669434,1626.283936,1451.57251,1324.664063,1269.023193,1216.565186,1158.026733,1193.114746,1057.340942,,Cterm monomeric V91K 30min,,3978.874268,3289.277588,1879.281128,1907.844727,1967.388306,1872.446289,1780.088257,1817.880615,1648.917358,1644.709351,1545.201416,1423.508789,,IL2-109 monomeric 30 min,,11278.64844,6532.287109,2345.375977,2123.51123,2134.991943,2028.967041,2032.590088,1936.527832,2083.017822,1965.998657,1796.928345,1648.57666,,IL2-110 monomeric 30 min,,15952.16797,6598.51416,2841.124756,2578.399902,2537.523926,2595.422363,2444.46582,2452.473877,2505.681641,2486.352051,2256.440918,2049.768066,,Cterm monomeric N88D 30min,,3176.111816,2280.478027,2031.004028,1822.015015,1832.330322,1881.585693,1983.201538,1817.861084,1705.311035,1892.721802,1699.15979,1761.454712
,,,,,,,,,,,,,,,,,,,,,,,,,,,,,,,,,,,,,,,,,,,,,,,,,,,,,,,,,,,,,,,,,,,,,,,,,,,,,,,,,,,,,,,,
,Naive Th,,,,,,,,,,,,,,,Naive Th,,,,,,,,,,,,,,,Naive Th,,,,,,,,,,,,,,,Naive Th,,,,,,,,,,,,,,,Naive Th,,,,,,,,,,,,,,,Naive Th,,,,,,,,,,,,
 ,nM treatment:,84,28,9.333333333,3.111111111,1.037037037,0.345679012,0.115226337,0.038408779,0.012802926,0.004267642,0.001422547,0.000474182,, ,nM treatment:,84,28,9.333333333,3.111111111,1.037037037,0.345679012,0.115226337,0.038408779,0.012802926,0.004267642,0.001422547,0.000474182,, ,nM treatment:,84,28,9.333333333,3.111111111,1.037037037,0.345679012,0.115226337,0.038408779,0.012802926,0.004267642,0.001422547,0.000474182,, ,nM treatment:,84,28,9.333333333,3.111111111,1.037037037,0.345679012,0.115226337,0.038408779,0.012802926,0.004267642,0.001422547,0.000474182,, ,nM treatment:,84,28,9.333333333,3.111111111,1.037037037,0.345679012,0.115226337,0.038408779,0.012802926,0.004267642,0.001422547,0.000474182,, ,nM treatment:,84,28,9.333333333,3.111111111,1.037037037,0.345679012,0.115226337,0.038408779,0.012802926,0.004267642,0.001422547,0.000474182
,,1,2,3,4,5,6,7,8,9,10,11,12,,,,1,2,3,4,5,6,7,8,9,10,11,12,,,,1,2,3,4,5,6,7,8,9,10,11,12,,,,1,2,3,4,5,6,7,8,9,10,11,12,,,,1,2,3,4,5,6,7,8,9,10,11,12,,,,1,2,3,4,5,6,7,8,9,10,11,12
IL2-060 monomeric 4 hr,,2766.435547,2478.0896,2149.369629,2177.76709,1875.958984,1994.550659,1819.060059,1639.414673,1443.424683,1338.451172,1079.334961,1071.14502,,Cterm monomericWT 4hr,,3167.180176,2881.765625,3040.093018,2729.262451,2395.715576,2322.881836,1922.314697,1564.793701,1405.0625,1230.97168,1239.093628,1215.134521,,Cterm monomeric V91K 4hr,,2183.764648,2055.576904,1943.789063,1723.931274,1485.357666,1408.80835,1316.276611,1237.208008,1149.840088,1146.235107,1234.588257,1174.227661,,IL2-109 monomeric 4 hr,,3529.062988,3046.196533,2834.012451,2371.804688,2099.759277,1946.081543,1725.246094,1623.171753,1580.870483,1561.039429,1604.188843,1381.092529,,IL2-110 monomeric 4 hr,,3278.552246,2970.631836,2475.457275,2169.17334,1652.594727,1766.672607,1705.381836,1578.966309,1622.696777,1722.31543,1663.572021,1836.865234,,Cterm monomeric N88D 4hr,,2718.700439,2556.936523,2197.688721,2088.497559,1956.129517,1835.349609,1867.275146,1768.408081,1839.094849,1867.581665,1683.279053,1603.104736
IL2-060 monomeric 2 hr,,2329.575439,2260.757324,1977.92334,2217.854492,1714.521973,1515.154785,1277.616455,1397.444946,1382.071777,1333.417236,1353.095703,1360.721313,,Cterm monomeric WT 2hr,,2913.646484,2367.966797,2072.607666,1891.057861,1925.751465,1559.773682,1340.843018,1233.464355,1219.604736,1196.672607,1222.226318,1119.594482,,Cterm monomeric V91K 2hr,,1986.312744,1917.82251,1635.401123,1448.257324,1358.308838,1367.146606,1347.046143,1237.65332,1100.608276,1106.854126,978.1013794,824.9595947,,IL2-109 monomeric 2 hr,,2890.732422,2762.966553,2099.269775,1910.908325,1884.213867,1658.824219,1776.766357,1667.251221,1595.755371,1695.969849,1670.519409,1485.607422,,IL2-110 monomeric 2 hr,,3459.574951,3059.83374,1983.527954,1966.107178,1849.25293,1760.882568,1804.229492,1760.062012,1752.816406,1823.178223,1711.231812,1771.642212,,Cterm monomeric N88D 2hr,,2526.172852,2113.188477,1657.585938,1826.635986,1715.299194,1673.381226,1557.297119,1349.541016,1634.005371,1622.230225,1553.444092,1629.65625
IL2-060 monomeric 1 hr,,3168.606445,2969.701172,2574.068848,2385.063965,1812.672729,1624.03833,1273.523438,1377.212036,1296.443848,1185.310547,1308.270386,1189.568604,,Cterm monomeric WT 1hr,,3081.451416,2474.98584,2039.50061,1511.707153,1490.542847,1198.925415,1296.700562,1141.98291,1010.186523,1038.769775,1037.104858,1191.087402,,Cterm monomeric V91K 1hr,,2459.052246,2156.476563,1552.395752,1453.817627,1439.038818,1479.039551,1367.363525,1289.911255,1303.523682,1173.773926,1200.940674,909.6634521,,IL2-109 monomeric 1 hr,,3254.147949,2754.908203,1929.674194,1673.173828,1544.305786,1592.220459,1697.647217,1537.402954,1639.107422,1495.460205,1427.023804,1199.918213,,IL2-110 monomeric 1 hr,,4567.687988,3404.813477,2131.084473,2285.168457,2049.460938,2102.535645,1968.12439,1940.846924,2068.431885,1990.871582,1776.588379,1603.916382,,Cterm monomeric N88D 1hr,,2586.110107,2233.269775,1771.415527,1994.281982,1689.48999,1783.178833,1725.972168,1744.333984,1751.17334,1658.754028,1572.586914,1748.739502
IL2-060 monomeric 30 min,,6193.63623,5763.84668,2684.180664,2365.074219,1604.547852,1806.306763,1329.688477,1383.36499,1459.204834,1518.807251,1421.122559,1345.577148,,Cterm monomeric WT 30min,,5381.447266,4544.059082,1792.899902,1542.490112,1372.485596,1245.423218,1142.897949,1148.992554,1106.948242,994.1929932,1017.232056,942.0423584,,Cterm monomeric V91K 30min,,2732.367188,2390.485107,1695.027344,1717.359741,1797.987427,1691.728271,1584.663574,1569.690918,1434.600952,1418.88147,1386.273071,1240.706055,,IL2-109 monomeric 30 min,,5196.941406,3503.000977,1982.073242,1889.818359,1912.246338,1820.957764,1801.261353,1795.326904,1898.708618,1773.906494,1633.623657,1444.555664,,IL2-110 monomeric 30 min,,7241.833496,4386.542969,2503.820801,2283.019043,2283.419434,2327.505127,2127.360352,2173.161865,2283.537598,2228.543945,2014.18335,1855.595093,,Cterm monomeric N88D 30min,,2567.459961,1947.248291,1779.266357,1552.713623,1621.867432,1647.046631,1816.328613,1664.916016,1496.150391,1684.680908,1485.303711,1557.086914
,,,,,,,,,,,,,,,,,,,,,,,,,,,,,,,,,,,,,,,,,,,,,,,,,,,,,,,,,,,,,,,,,,,,,,,,,,,,,,,,,,,,,,,,
,Mem Th,,,,,,,,,,,,,,,Mem Th,,,,,,,,,,,,,,,Mem Th,,,,,,,,,,,,,,,Mem Th,,,,,,,,,,,,,,,Mem Th,,,,,,,,,,,,,,,Mem Th,,,,,,,,,,,,
,nM treatment:,84,28,9.333333333,3.111111111,1.037037037,0.345679012,0.115226337,0.038408779,0.012802926,0.004267642,0.001422547,0.000474182,,,nM treatment:,84,28,9.333333333,3.111111111,1.037037037,0.345679012,0.115226337,0.038408779,0.012802926,0.004267642,0.001422547,0.000474182,,,nM treatment:,84,28,9.333333333,3.111111111,1.037037037,0.345679012,0.115226337,0.038408779,0.012802926,0.004267642,0.001422547,0.000474182,,,nM treatment:,84,28,9.333333333,3.111111111,1.037037037,0.345679012,0.115226337,0.038408779,0.012802926,0.004267642,0.001422547,0.000474182,,,nM treatment:,84,28,9.333333333,3.111111111,1.037037037,0.345679012,0.115226337,0.038408779,0.012802926,0.004267642,0.001422547,0.000474182,,,nM treatment:,84,28,9.333333333,3.111111111,1.037037037,0.345679012,0.115226337,0.038408779,0.012802926,0.004267642,0.001422547,0.000474182
,,1,2,3,4,5,6,7,8,9,10,11,12,,,,1,2,3,4,5,6,7,8,9,10,11,12,,,,1,2,3,4,5,6,7,8,9,10,11,12,,,,1,2,3,4,5,6,7,8,9,10,11,12,,,,1,2,3,4,5,6,7,8,9,10,11,12,,,,1,2,3,4,5,6,7,8,9,10,11,12
IL2-060 monomeric 4 hr,,26737.04492,22123.0918,17581.04492,12657.60352,10583.75781,9765.426758,5649.97168,3174.876221,2200.043945,1872.135742,1604.812622,1549.006348,,Cterm monomericWT 4hr,,24599.47461,23486.21289,19278.17188,14764.51465,13304.66602,7539.371582,3545.530518,2399.629883,1853.759766,1726.413818,1609.95459,1662.391846,,Cterm monomeric V91K 4hr,,9003.125,6825.786133,4948.856445,2984.005127,2167.083984,1809.568115,1838.333496,1642.963135,1526.373779,1513.072266,1625.771851,1498.891602,,IL2-109 monomeric 4 hr,,24310.96875,16174.02246,12499.47852,6491.437012,3855.975098,2800.661621,2365.699463,2156.263672,2112.685547,2093.571289,2029.505493,1803.089478,,IL2-110 monomeric 4 hr,,20760.58594,16058.26074,5993.230957,3416.215332,2340.27417,2371.616699,2207.98291,2099.802002,2208.411621,2261.383301,2317.117676,2446.454102,,Cterm monomeric N88D 4hr,,6266.684082,5105.145508,3780.872559,3143.67334,2712.835938,2601.973633,2571.276855,2511.86377,2491.258545,2441.014404,2234.881836,2002.684082
IL2-060 monomeric 2 hr,,15702.91895,12810.77051,7352.799316,7099.472168,4083.262695,2475.858398,1826.466064,1931.583984,1841.281982,1818.133301,1833.909668,1789.609375,,Cterm monomeric WT 2hr,,14521.82031,9732.642578,6681.854492,4108.25,3123.908936,2261.199707,1774.112305,1640.730225,1608.694092,1574.858154,1550.760498,1511.252197,,Cterm monomeric V91K 2hr,,5549.242188,3779.217041,2268.20166,2026.150146,1812.717773,1758.755493,1798.889282,1614.99707,1457.740601,1458.057251,1358.956177,1174.530273,,IL2-109 monomeric 2 hr,,12184.91602,9049.791016,3431.321777,2745.682861,2522.100098,2172.340088,2188.841309,2152.128906,2064.229004,2143.892578,2219.233643,1943.953125,,IL2-110 monomeric 2 hr,,16910.10547,6405.794922,2693.380859,2636.333008,2413.571289,2304.968262,2343.273926,2236.484375,2321.57373,2332.304199,2143.424316,2290.802979,,Cterm monomeric N88D 2hr,,4973.969238,3581.897949,2391.635986,2432.617188,2372.290039,2264.404785,2098.587891,1845.656982,2218.644531,2190.474121,2019.38623,2117.223633
IL2-060 monomeric 1 hr,,21911.07813,17708.34961,11730.05273,10104.39453,3700.429199,2500.277832,1778.08252,1849.637451,1804.923096,1656.257813,1768.103638,1654.010498,,Cterm monomeric WT 1hr,,13178.8125,9077.959961,4584.779785,3231.740723,2339.625,1714.601318,1675.845703,1477.343628,1387.654419,1405.855103,1483.911621,1576.765381,,Cterm monomeric V91K 1hr,,6739.30127,4641.064453,2102.4729,1903.117676,1783.841064,1877.662842,1691.796143,1648.929199,1550.727783,1404.920898,1490.535889,1190.265747,,IL2-109 monomeric 1 hr,,13252.99219,9675.472656,2861.602539,2140.289063,2034.913086,1974.317505,2125.035645,2070.655273,2105.557129,1903.611572,1891.016602,1540.909546,,IL2-110 monomeric 1 hr,,20385.48828,10519.72656,2877.701904,2922.833252,2604.850586,2728.756104,2467.630371,2461.376465,2652.371582,2656.450684,2296.919189,2078.246094,,Cterm monomeric N88D 1hr,,5490.897461,3432.714844,2291.374023,2580.720215,2249.381348,2296.124756,2219.088379,2277.645264,2197.909668,2099.998535,2098.206055,2259.889648
IL2-060 monomeric 30 min,,25139.61914,26116.33203,14772.7168,8730.235352,2576.939453,3072.797363,1896.792969,2010.861328,1980.250244,1997.300415,1938.088501,1840.740234,,Cterm monomeric WT 30min,,17367.375,16328.58887,3519.209229,2564.414063,1983.653564,1660.618164,1520.056152,1429.642334,1400.995483,1372.475586,1380.716553,1169.46582,,Cterm monomeric V91K 30min,,9332.630859,6493.764648,2157.721924,2168.805176,2210.567383,2088.954834,2085.658691,2070.555664,1843.779053,1878.995972,1727.795654,1619.62207,,IL2-109 monomeric 30 min,,22503.23828,14677.91406,2866.751953,2508.1521,2426.743164,2293.244629,2308.155029,2184.11084,2361.940186,2283.177246,2033.168579,1873.908936,,IL2-110 monomeric 30 min,,32381.04492,13588.24805,3368.605957,2972.494873,2948.297363,3025.245117,2847.245117,2742.71875,2906.494141,2855.810059,2533.279541,2318.381836,,Cterm monomeric N88D 30min,,5067.744629,2855.210205,2406.825195,2151.845703,2068.838135,2106.454102,2233.59668,2060.509766,1945.530762,2135.186279,1975.448242,2092.072998
