"*Note that in this experiment, IL2-060 was added 3x at the 4 hour timepoint. This prevented all muteins from being run at all  4 timepoints. ",,,,,,,,,,,,,,,,,,,,,,,,,,,,,,,,,,,,,,,,,,,,,,,,,,,,,,,,,,
,"This time-point is suspect, the dose response is very far off from two replicates on the same day and one on another day.",,,,,,,,,,,,,,,,,,,,,,,,,,,,,,,,,,,,,,,,,,,,,,,,,,,,,,,,,
,,IL2-060,,,,,,,,,,,,,,,IL2-062,,,,,,,,,,,,,,,IL2-088,,,,,,,,,,,,,,,IL2-097,,,,,,,,,,,
,,,,,,,,,,,,,,,,,,,,,,,,,,,,,,,,,,,,,,,,,,,,,,,,,,,,,,,,,,
,NK cells,,,,,,,,,,,,,,,NK cells,,,,,,,,,,,,,,,NK cells,,,,,,,,,,,,,,,NK cells,,,,,,,,,,,,
,nM treatment:,84,28,9.333333333,3.111111111,1.037037037,0.345679012,0.115226337,0.038408779,0.012802926,0.004267642,0.001422547,0.000474182,,,nM treatment:,84,28,9.333333333,3.111111111,1.037037037,0.345679012,0.115226337,0.038408779,0.012802926,0.004267642,0.001422547,0.000474182,,,nM treatment:,84,28,9.333333333,3.111111111,1.037037037,0.345679012,0.115226337,0.038408779,0.012802926,0.004267642,0.001422547,0.000474182,,,nM treatment:,84,28,9.333333333,3.111111111,1.037037037,0.345679012,0.115226337,0.038408779,0.012802926,0.004267642,0.001422547,0.000474182
,,1,2,3,4,5,6,7,8,9,10,11,12,,,,1,2,3,4,5,6,7,8,9,10,11,12,,,,1,2,3,4,5,6,7,8,9,10,11,12,,,,1,2,3,4,5,6,7,8,9,10,11,12
IL2-060 4 hr,,2819.00293,2235.096191,2441.107422,2380.983643,1887.367432,1137.342163,1168.056396,1104.771606,971.4118652,944.4667969,920.8583984,895.5206299,,IL2-062 4 hr,,2258.728516,1838.057861,1743.227661,1335.134399,1005.590881,842.3128052,737.5128784,790.1768799,589.6856689,599.6013184,519.9991455,500.6098633,,IL2-088 4 hr,,2278.657715,2232.063965,2235.843018,1997.550049,1896.360107,1254.458618,1063.454468,969.8153076,959.0865479,838.8427124,830.8728638,851.2246704,,IL2-097 4 hr,,1605.614868,1114.8302,870.281189,896.6206055,863.7597656,786.0651855,771.0185547,767.510437,682.6011963,644.2728271,634.2946777,601.9359741
IL2-060 4 hr,,2900.720215,2221.229004,1756.368042,1941.169434,1683.417847,1159.020264,1005.810608,1014.119812,856.3082275,659.90802,747.5584717,694.1225586,,IL2-062 2 hr,,2223.145508,1720.17749,1120.789185,914.3021851,840.9282227,780.7662964,767.8679199,730.0343628,717.7259521,763.2104492,703.9671631,742.8165894,,IL2-088 2 hr,,2365.769043,2260.124512,1841.412964,1323.033691,1048.548706,1036.426392,914.1768799,871.6850586,790.402771,824.7967529,830.8901978,803.126709,,IL2-097 2 hr,,1520.412109,1109.957886,927.4692383,871.8903809,819.1102905,777.5210571,852.5806885,888.1896973,820.3728027,850.6452637,850.6370239,749.7537842
IL2-060 4 hr,,2840.538086,2537.550781,2569.050049,2338.644531,2051.772705,1346.765259,1142.034424,964.3765259,908.7210693,836.4030151,838.2347412,794.9902344,,IL2-062 1 hr,,2584.337891,1750.215454,1108.387085,908.2243652,916.6674194,907.97052,858.7457886,694.9717407,657.7318726,551.9384766,663.4145508,625.894043,,IL2-088 1 hr,,2721.741211,2485.583008,1876.647827,1087.588135,988.9415283,826.2878418,776.1418457,831.673584,779.1409302,765.3167725,763.1525269,580.9417114,,IL2-097 1 hr,,1633.245972,1183.171875,800.9851685,725.5625,706.9893188,703.5477295,616.1447754,727.4433594,586.3779297,633.7164307,722.5968018,643.8760376
IL2-060 2 hr,,2476.655029,1996.512939,1656.716187,1368.649048,1089.286377,867.6624146,894.3942261,918.0969238,897.8022461,827.5523682,779.6518555,710.3167114,,,,,,,,,,,,,,,,,,,,,,,,,,,,,,,,IL2-097 30 min,,1529.195557,1185.545654,856.3661499,714.9906006,726.479187,682.5039063,673.0505371,685.3787231,643.8071289,723.2081299,677.6835938,723.12854
IL2-060 1 hr,,2569.356445,2367.675781,1103.383545,937.8511963,959.3425903,911.9850464,860.8811646,835.7583008,741.225769,743.7549438,717.87854,712.854248,,,,,,,,,,,,,,,,,,,,,,,,,,,,,,,,,,,,,,,,,,,,,
IL2-060 30 min,,3734.838379,3014.648926,1296.832153,1135.912354,1057.317383,836.2519531,707.0887451,758.9718018,654.2071533,649.1627197,640.6511841,495.4934387,,,CD56bright NK cells,,,,,,,,,,,,,,,CD56bright NK cells,,,,,,,,,,,,,,,CD56bright NK cells,,,,,,,,,,,,
,,,,,,,,,,,,,,,,nM treatment:,84,28,9.333333333,3.111111111,1.037037037,0.345679012,0.115226337,0.038408779,0.012802926,0.004267642,0.001422547,0.000474182,,,nM treatment:,84,28,9.333333333,3.111111111,1.037037037,0.345679012,0.115226337,0.038408779,0.012802926,0.004267642,0.001422547,0.000474182,,,nM treatment:,84,28,9.333333333,3.111111111,1.037037037,0.345679012,0.115226337,0.038408779,0.012802926,0.004267642,0.001422547,0.000474182
,CD56bright NK cells,,,,,,,,,,,,,,,,1,2,3,4,5,6,7,8,9,10,11,12,,,,1,2,3,4,5,6,7,8,9,10,11,12,,,,1,2,3,4,5,6,7,8,9,10,11,12
,nM treatment:,84,28,9.333333333,3.111111111,1.037037037,0.345679012,0.115226337,0.038408779,0.012802926,0.004267642,0.001422547,0.000474182, ,IL2-062 4 hr,,7893.101563,3602.91333,2139.794922,1867.255371,1787.745239,1865.719238,1532.943237,1402.866211,1184.508667,2107.000244,459.1749878,1307.586792,,IL2-088 4 hr,,5194.09375,3679.689209,3586.212158,3455.348633,3217.429199,2959.904297,2182.252441,2466.099365,2277.304688,1113.798584,1628.10083,1058.814819,,,,3280.47998,2246.034668,1829.544556,1884.158691,1320.203979,1213.521484,1310.66333,1276.381592,1419.169922,651.6369629,912.505249,1174.567993
,,1,2,3,4,5,6,7,8,9,10,11,12,,IL2-062 2 hr,,2540.125977,3091.785645,2261.667725,1608.24646,2163.011475,922.4256592,1328.731445,1734.168091,1466.683228,1127.898926,1025.000244,979.9575195,,IL2-088 2 hr,,4135.520996,4544.645996,4420.647461,2120.948975,2096.347656,3101.881348,2121.363037,1485.230957,1132.292847,1365.803223,1249.704224,1003.03595,,IL2-097 4 hr,,3597.667969,2843.239258,2140.872559,1845.492798,1047.828125,1151.221924,1146.290771,1291.078735,1396.0979,1112.896729,1591.93335,925.3491821
IL2-060 4 hr,,4800.106934,3439.801025,4334.479492,4404.67334,2902.446777,2181.943359,2203.292969,3024.093994,1906.826782,1338.829224,1097.080933,1534.010132,,IL2-062 1 hr,,3570.67627,4705.924316,1856.561646,3165.297363,2056.3125,3059.081055,3867.01709,1138.226318,1193.605713,601.6693115,636.875,1085.389404,,IL2-088 1 hr,,5376.891602,4305.732422,3674.297852,2801.64502,3152.65332,2387.910156,1983.937988,1329.971924,1454.296387,917.7474976,712.9490967,903.7674561,,IL2-097 2 hr,,4345.592773,3290.238281,2994.872314,892.3900146,1438.440552,857.3563232,880.9840698,817.581665,1401.554199,980.286438,1185.266113,918.3198853
IL2-060 4 hr,,4113.738281,3660.086914,2637.822998,2617.426758,2497.050781,1541.302246,1675.407959,1659.984497,2022.973145,1216.105469,1303.824707,1414.869019,,,,,,,,,,,,,,,,,,,,,,,,,,,,,,,,IL2-097 1 hr,,3081.903809,3646.175781,3131.833496,1628.427002,937.984375,1094.536011,1382.940918,876.3939819,1317.545532,1236.699463,654.7799683,1367.370483
IL2-060 4 hr,,3967.830322,4691.427246,4831.944336,4128.013184,2922.170166,3095.54248,2367.751953,2663.037842,2159.992676,1294.22998,1041.934814,962.7102051,,,,,,,,,,,,,,,,,,,,,,,,,,,,,,,,IL2-097 30 min,,,,,,,,,,,,,
IL2-060 2 hr,,4585.040527,3022.591064,2847.904297,2839.012207,3018.819824,2368.499512,1915.790771,2406.939453,1826.440796,1299.235229,897.2403564,1589.088013,,,Cytotoxic T cells (CD3+CD8+),,,,,,,,,,,,,,,Cytotoxic T cells (CD3+CD8+),,,,,,,,,,,,,,,Cytotoxic T cells (CD3+CD8+),,,,,,,,,,,,
IL2-060 1 hr,,4566.014648,5534.774902,3263.865967,2393.920898,2725.820801,1876.848145,1589.237305,1232.825806,937.2650757,1002.689758,1064.504517,850.6415405,,,nM treatment:,84,28,9.333333333,3.111111111,1.037037037,0.345679012,0.115226337,0.038408779,0.012802926,0.004267642,0.001422547,0.000474182,,,nM treatment:,84,28,9.333333333,3.111111111,1.037037037,0.345679012,0.115226337,0.038408779,0.012802926,0.004267642,0.001422547,0.000474182,,,nM treatment:,84,28,9.333333333,3.111111111,1.037037037,0.345679012,0.115226337,0.038408779,0.012802926,0.004267642,0.001422547,0.000474182
IL2-060 30 min,,6242.030273,5667.212891,3535.390869,4489.29248,3721.01123,1333.210571,1244.801636,756.7485352,1047.378174,1743.612793,1075.182617,906.3939209,,,,1,2,3,4,5,6,7,8,9,10,11,12,,,,1,2,3,4,5,6,7,8,9,10,11,12,,,,1,2,3,4,5,6,7,8,9,10,11,12
,,,,,,,,,,,,,,,IL2-062 4 hr,,1541.636719,1061.986694,959.1547241,889.9457397,822.5203857,820.5757446,759.7357178,708.2115479,628.8433838,717.2736816,672.2030029,638.3099976,,IL2-088 4 hr,,3067.639893,2659.338867,1929.645386,1397.833374,1158.774414,923.2182617,886.9158936,881.0331421,856.2940063,818.2731323,829.1043701,784.6987305,,IL2-097 4 hr,,1172.986938,851.7193604,774.6335449,756.03302,756.6815796,761.2017212,763.3190308,761.5054932,718.7585449,702.9507446,764.5019531,695.829895
,Cytotoxic T-cells (CD3+CD8+),,,,,,,,,,,,,,IL2-062 2 hr,,1390.083008,1021.40332,861.3605957,863.9346924,834.487854,786.3422852,756.6122437,770.475769,805.0247803,766.7668457,701.8283081,750.095459,,IL2-088 2 hr,,2812.122314,2400.073975,1322.431152,953.3409424,897.7225342,924.8955078,835.760376,856.5371094,837.1679077,828.5726318,786.3517456,827.4425049,,IL2-097 2 hr,,1163.655029,908.442627,829.5090332,802.8781738,790.5698853,818.4156494,813.2303467,837.9360352,861.569519,823.6803589,834.3961792,766.4075928
,nM treatment:,84,28,9.333333333,3.111111111,1.037037037,0.345679012,0.115226337,0.038408779,0.012802926,0.004267642,0.001422547,0.000474182,,IL2-062 1 hr,,1580.884033,1026.125488,927.3903809,827.034668,853.0673828,789.3688965,753.5078125,755.9570313,707.5675049,670.5350342,634.6920776,695.0584717,,IL2-088 1 hr,,3086.01123,2848.486816,1395.025024,847.6427002,840.9968262,764.9487915,792.5032349,807.3389282,811.0668945,781.6968384,769.4637451,716.9699097,,IL2-097 1 hr,,1115.759521,860.1782227,738.0710449,762.8380737,722.0651855,722.0505371,752.2675781,724.723877,704.6074219,743.3995361,731.1264648,747.9382935
,,1,2,3,4,5,6,7,8,9,10,11,12,,,,,,,,,,,,,,,,,,,,,,,,,,,,,,,,IL2-097 30 min,,1118.039429,888.7978516,749.5421143,785.0796509,722.7502441,746.7718506,764.9348145,795.7957764,767.8637085,763.1199951,762.4039307,755.6664429
IL2-060 4 hr,,3620.736816,2459.833984,2511.757324,1874.848633,1270.632568,869.8037109,911.1370239,935.8015747,876.7351074,857.6676025,847.7946167,871.5319824,,,,,,,,,,,,,,,,,,,,,,,,,,,,,,,,,,,,,,,,,,,,,
IL2-060 4 hr,,3882.220215,2363.049561,1571.691162,1443.347656,1096.779541,947.8959961,861.8400879,875.1448364,796.2115479,782.6915283,822.1256104,769.0343018,,,T-regulatory cells (na夫e and memory combined),,,,,,,,,,,,,,,T-regulatory cells (na夫e and memory combined),,,,,,,,,,,,,,,T-regulatory cells (na夫e and memory combined),,,,,,,,,,,,
IL2-060 4 hr,,4084.193115,3131.842773,2612.349854,1813.799316,1280.262451,952.8612061,927.8751221,878.996521,837.8950195,817.9053955,826.324707,782.8048096,,,nM treatment:,84,28,9.333333333,3.111111111,1.037037037,0.345679012,0.115226337,0.038408779,0.012802926,0.004267642,0.001422547,0.000474182,,,nM treatment:,84,28,9.333333333,3.111111111,1.037037037,0.345679012,0.115226337,0.038408779,0.012802926,0.004267642,0.001422547,0.000474182,,,nM treatment:,84,28,9.333333333,3.111111111,1.037037037,0.345679012,0.115226337,0.038408779,0.012802926,0.004267642,0.001422547,0.000474182
IL2-060 2 hr,,2999.108887,1929.200928,1314.108887,950.729248,835.1366577,783.0019531,848.5975952,852.7156982,849.0375977,793.1652832,790.7720337,776.2264404,,,,1,2,3,4,5,6,7,8,9,10,11,12,,,,1,2,3,4,5,6,7,8,9,10,11,12,,,,1,2,3,4,5,6,7,8,9,10,11,12
IL2-060 1 hr,,3101.074463,2343.80835,892.421814,854.8156128,874.4891357,824.2323608,816.9592285,848.4798584,794.4929199,803.0479736,787.779541,786.8117676,,IL2-062 4 hr,,37533.70313,29322.96875,37195.59766,31484.17188,31409.85156,30280.83789,25724.96484,19394.74023,21788.82422,22294.82422,15308.04004,5156.462891,,IL2-088 4 hr,,45723.98828,41100.05078,41706.67969,42276.24609,43989,38317.14063,37671.9375,34649.12109,31285.28516,24730.44727,20276.0918,4654.652832,,IL2-097 4 hr,,33719.19922,24176.82031,25712.63086,25509.36328,27561.49414,20146.24609,17620.23438,17902.80664,8574.525391,4030.504395,4338.725586,2937.42627
IL2-060 30 min,,5147.046387,3261.328125,1009.773438,921.1838379,939.8444824,805.8131104,757.9785156,743.8173218,730.0075684,715.9837646,697.0402222,647.0333252,,IL2-062 2 hr,,37860.38281,38684.97266,37403.54297,31526.95703,27612.87891,28516.94922,29451.83203,38395.04688,31087.46289,25399.86719,9812.365234,5375.97168,,IL2-088 2 hr,,53142.44922,45694.00781,43789.24219,42760.12891,42235.34766,40544.25,37735.75,34188.69922,21984.32031,9902.126953,5412.09082,3669.530762,,IL2-097 2 hr,,40851.95313,32782.80469,28810.47266,27575.86328,26613.99219,24730.34766,15502.78027,8929.394531,4662.592773,3842.260742,3669.922363,3443.994141
,,,,,,,,,,,,,,,IL2-062 1 hr,,39854.0625,39748.46875,40590.49219,40534.35938,36814.47266,40762.25391,34625.17969,36299.05469,23225.24805,19967.46094,10271.69922,5696.004883,,IL2-088 1 hr,,52458.31641,47101.05078,44159.69141,47097.33984,50444.8125,46216.28125,37269.73047,30690.61328,17636.63086,5379.240234,3491.621582,2999.204102,,IL2-097 1 hr,,42629.90625,36788.10156,36668.74219,33780.51563,35753.57813,24584.16406,15963.29297,7349.082031,4399.86084,4045.425537,6977.827148,5570.484375
,T-regulatory cells (na夫e and memory combined),,,,,,,,,,,,,,,,,,,,,,,,,,,,,,,,,,,,,,,,,,,,IL2-097 30 min,,44722.375,43023.10547,36956.82813,34934.5,29094.92188,22536.26953,11491.74707,15401.07715,5042.411621,3126.356689,3538.952393,5887.692383
,nM treatment:,84,28,9.333333333,3.111111111,1.037037037,0.345679012,0.115226337,0.038408779,0.012802926,0.004267642,0.001422547,0.000474182,,,,,,,,,,,,,,,,,,,,,,,,,,,,,,,,,,,,,,,,,,,,,
,,1,2,3,4,5,6,7,8,9,10,11,12,,,Na夫e T-regulatory cells (CD45RA+),,,,,,,,,,,,,,,Na夫e T-regulatory cells (CD45RA+),,,,,,,,,,,,,,,Na夫e T-regulatory cells (CD45RA+),,,,,,,,,,,,
IL2-060 4 hr,,47218.55078,35608.42578,42778.00391,42001.72656,41509.67578,46666.03906,48784.875,43990.18359,34869.80078,41490.92188,16735.33203,10214.70703,,,nM treatment:,84,28,9.333333333,3.111111111,1.037037037,0.345679012,0.115226337,0.038408779,0.012802926,0.004267642,0.001422547,0.000474182,,,nM treatment:,84,28,9.333333333,3.111111111,1.037037037,0.345679012,0.115226337,0.038408779,0.012802926,0.004267642,0.001422547,0.000474182,,,nM treatment:,84,28,9.333333333,3.111111111,1.037037037,0.345679012,0.115226337,0.038408779,0.012802926,0.004267642,0.001422547,0.000474182
IL2-060 4 hr,,38968.42188,28155.16016,22392.74609,21756.31445,28325.19336,12215.91699,16729.63867,25037.66602,10231.11035,7116.368164,6699.821777,5083.907227,,,,1,2,3,4,5,6,7,8,9,10,11,12,,,,1,2,3,4,5,6,7,8,9,10,11,12,,,,1,2,3,4,5,6,7,8,9,10,11,12
IL2-060 4 hr,,46580.53906,43984.97656,42873.62109,42768.16016,42850.94141,48096.00781,40169.73828,43288.12109,36142.07813,33216.40625,29186.96094,15510.05469,,IL2-062 4 hr,,27909.28516,26947.61523,32333.16602,24578.56641,26579.6543,29817.08203,23133.53516,16893.91992,20584.48242,21634.42188,10718.51465,4200.831055,,IL2-088 4 hr,,35658.61719,31791.54297,34365.58594,34177.53906,35472.07422,30799.08398,32020.97266,30991.85352,27162.3125,21531.3125,18466.31836,3911.360352,,IL2-097 4 hr,,26410.70313,20155.29883,20185.00391,20447.36328,25144.28711,18634.83203,14601.48242,17559.37891,5116.880371,3749.178467,3914.219238,2610.877441
IL2-060 2 hr,,43641.14453,40188.60938,44668.01563,41192.31641,39236.64453,30664.11328,29876.29102,31426.66211,28048.92578,23815.17383,10791.73828,8823.46582,,IL2-062 2 hr,,26934.80859,29204.56445,29003.39063,28594.73633,22260.50586,18069.77344,25702.66016,33005.80469,28398.17969,23558.80078,7259.919434,5643.246582,,IL2-088 2 hr,,40645.11719,33090.39844,33549.67969,32284.32617,32436.875,30284.43359,28818.35742,25847.22656,12902.7002,7627.63623,5210.211914,3690.371582,,IL2-097 2 hr,,30273.51758,23300.07422,22221.78906,21445.18164,21259.24414,18769.25,11309.56836,7810.483887,4067.690674,3442.470703,3669.922363,2880.33252
IL2-060 1 hr,,52638.94141,42518.49219,43710.76953,42637.83203,49540.45313,41866.05469,44029.35938,35385.37891,20522.05469,5519.938477,4781.963867,2990.228027,,IL2-062 1 hr,,32985.94531,30798.48047,36536.08594,30737.33203,26464.5918,34961.04297,26099.94922,30904.42383,8202.573242,13464.49121,0,0,,IL2-088 1 hr,,40381.91406,37763.03906,31810.44531,39330.69531,38684.54297,35810.79297,31488.23828,23704.49609,10763.54883,4211.076172,2961.174561,2989.826416,,IL2-097 1 hr,,34611.10938,32920.74219,28497.00391,26112.55273,26315.29883,13464.84375,11494.64746,4562.820313,3478.340332,3337.5625,5370.452148,3497.410156
IL2-060 30 min,,64080.40234,59234.94141,59420.06641,56702.66406,53435.88672,56034.125,39929.19531,7556.302246,10917.30859,13904.53027,5575.102539,5516.886719,,,,,,,,,,,,,,,,,,,,,,,,,,,,,,,,IL2-097 30 min,,33926.93359,33090.69141,29611.70508,26038.63086,20938.20313,9305.985352,6594.04541,8367.073242,5537.400879,3025.282715,3128.174316,4998.935547
,,,,,,,,,,,,,,,,,,,,,,,,,,,,,,,,,,,,,,,,,,,,,,,,,,,,,,,,,,
,Na夫e T-regulatory cells (CD45RA+),,,,,,,,,,,,,,,Memory T-regulatory cells (CD45RA-),,,,,,,,,,,,,,,Memory T-regulatory cells (CD45RA-),,,,,,,,,,,,,,,Memory T-regulatory cells (CD45RA-),,,,,,,,,,,,
,nM treatment:,84,28,9.333333333,3.111111111,1.037037037,0.345679012,0.115226337,0.038408779,0.012802926,0.004267642,0.001422547,0.000474182,,,nM treatment:,84,28,9.333333333,3.111111111,1.037037037,0.345679012,0.115226337,0.038408779,0.012802926,0.004267642,0.001422547,0.000474182,,,nM treatment:,84,28,9.333333333,3.111111111,1.037037037,0.345679012,0.115226337,0.038408779,0.012802926,0.004267642,0.001422547,0.000474182,,,nM treatment:,84,28,9.333333333,3.111111111,1.037037037,0.345679012,0.115226337,0.038408779,0.012802926,0.004267642,0.001422547,0.000474182
,,1,2,3,4,5,6,7,8,9,10,11,12,,,,1,2,3,4,5,6,7,8,9,10,11,12,,,,1,2,3,4,5,6,7,8,9,10,11,12,,,,1,2,3,4,5,6,7,8,9,10,11,12
IL2-060 4 hr,,36376.98438,26886.92188,34145.83203,34593.49609,29495.39063,35373.19141,35913.08594,33428.44922,27539.37891,36889.08594,12237.16895,9539.266602,,IL2-062 4 hr,,42929.83594,32747.30859,42268.85547,33906.92188,33745.4375,31465.125,26566.58203,21010.16797,23659.7793,22018.90625,16648.73438,5658.578613,,IL2-088 4 hr,,54008.17188,47770.17188,45068.58594,48368.25,49082.46875,43884.45703,44661.22266,38500.30469,35574.00391,27858.95703,23028.06641,5563.338867,,IL2-097 4 hr,,38278.85938,27115.04102,28766.08984,28760.2832,31110.13477,21942.07422,20094.12109,18032.73047,11893.59473,4434.42334,5332.817871,3150.676025
IL2-060 4 hr,,28911.34766,21037.23438,16782.20703,16422.04492,20632.3125,9864.780273,13509.27344,16695.45703,7416.584473,5345.379395,5948.988281,4163.930664,,IL2-062 2 hr,,41665.46484,45949.91406,41329.10156,33215.26953,30300.88086,31187.44141,32518.45313,40017.92969,32479.63477,25507,10057.10547,5383.553223,,IL2-088 2 hr,,61443.375,52695.85938,53064.40625,48406.71094,48308.98438,48991.94922,41479.5625,38864.19531,28828.91797,10728.96875,6416.267578,3669.530762,,IL2-097 2 hr,,50003.23828,37891.14063,33142.85547,32042.13477,32637.01563,29973.05078,20974.53125,14435.35156,5095.326172,4130.420898,3729.265137,3748.387695
IL2-060 4 hr,,35610.12891,31029.10938,32788.69922,35669.27344,32713.07227,42390.125,33749.58203,33832.45313,31287.80859,30135.20703,24854.86328,10962.83105,,IL2-062 1 hr,,44823.04297,42707,44529.91016,42876.03125,38539.24219,41670.88281,36932.73047,38045.57813,24609.58594,20776.10547,9870.449219,5534.051758,,IL2-088 1 hr,,60218.10156,55030.29688,50235.81641,50896.03906,55589.91406,52039.6875,39834.76953,36608.76953,23813.50391,5553.424316,3773.311523,3153.778809,,IL2-097 1 hr,,48355.11719,42680.17578,41516.68359,41026.23438,40160.04688,33070.54297,19478.25977,11951.66211,5705.112305,4523.569336,7519.71875,7603.125
IL2-060 2 hr,,29554.98828,26972.22266,32175.54297,30189.89258,30647.40625,21508.79297,21201.29883,23990.9707,25714.66211,18542.67188,10258.52734,11878.10547,,,,,,,,,,,,,,,,,,,,,,,,,,,,,,,,IL2-097 30 min,,50086.26953,45531.87891,42041.67578,37361.99219,33990.82813,25249.96875,18824.91602,21877.58594,5042.411621,3518.116699,3728.515625,7190.169922
IL2-060 1 hr,,38464.19531,30698.93945,34925.47266,32357.85938,41292.11328,34509.07813,34289.63281,29816.57031,18531.28906,5673.632324,4435.451172,2973.99585,,,,,,,,,,,,,,,,,,,,,,,,,,,,,,,,,,,,,,,,,,,,,
IL2-060 30 min,,50493.29297,47457.29688,42963.29688,43472.53125,39535.19531,46049.9375,34115.25391,6595.036621,11327.38672,10562.27344,6034.463379,4669.278809,,,Non-Treg T helper cells (Foxp3-) (na夫e and memory combined),,,,,,,,,,,,,, ,Non-Treg T helper cells (Foxp3-) (na夫e and memory combined),,,,,,,,,,,,,,,Non-Treg T helper cells (Foxp3-) (na夫e and memory combined),,,,,,,,,,,,
,,,,,,,,,,,,,,,,nM treatment:,84,28,9.333333333,3.111111111,1.037037037,0.345679012,0.115226337,0.038408779,0.012802926,0.004267642,0.001422547,0.000474182,,,nM treatment:,84,28,9.333333333,3.111111111,1.037037037,0.345679012,0.115226337,0.038408779,0.012802926,0.004267642,0.001422547,0.000474182,,,nM treatment:,84,28,9.333333333,3.111111111,1.037037037,0.345679012,0.115226337,0.038408779,0.012802926,0.004267642,0.001422547,0.000474182
,Memory T-regulatory cells (CD45RA-),,,,,,,,,,,,,,,,1,2,3,4,5,6,7,8,9,10,11,12,,,,1,2,3,4,5,6,7,8,9,10,11,12,,,,1,2,3,4,5,6,7,8,9,10,11,12
,nM treatment:,84,28,9.333333333,3.111111111,1.037037037,0.345679012,0.115226337,0.038408779,0.012802926,0.004267642,0.001422547,0.000474182,,IL2-062 4 hr,,6791.867676,6112.494141,6556.782715,5741.719727,5695.71875,7789.815918,5156.92334,4720.29834,4711.870117,4073.824951,3596.521729,3089.529785,,IL2-088 4 hr,,12203.74609,10073.27734,7883.541504,6184.308594,5294.11377,4480.652344,3830.165283,3527.110107,3308.213135,2935.329102,2844.385254,2675.447754,,IL2-097 4 hr,,5157.572754,3769.352051,3646.66748,3285.296387,3270.467773,3138.306152,2727.073486,2748.702148,2617.955811,2479.665283,2547.155762,2434.335938
,,1,2,3,4,5,6,7,8,9,10,11,12,,IL2-062 2 hr,,5506.59082,5950.114258,5736.719727,5676.862305,4912.311523,6618.65918,5007.226563,5513.623535,4998.731445,4588.774902,4189.890625,4350.055664,,IL2-088 2 hr,,7111.804688,5783.188477,5030.591309,4117.405762,3961.241699,3738.754639,3258.759521,2957.717773,2878.8479,2893.084229,2700.492432,2654.892822,,IL2-097 2 hr,,4980.584961,3654.084473,3286.16748,3155.516846,3150.540039,3134.172119,2868.792725,2915.375244,2899.523926,2985.547852,2848.17627,3090.684082
IL2-060 4 hr,,54835.02344,39528.49219,48950.13281,48357.78125,46340.39844,52023.11719,57387.07422,47623.53125,43569.54688,44659.29688,18570.47461,10682.67188,,IL2-062 1 hr,,6193.770996,6381.750977,6113.557129,6232.426758,5825.055664,6521.475586,4685.587891,4088.075439,3009.62207,2924.845947,2297.49292,2320.906738,,IL2-088 1 hr,,10589.44531,9752.283203,6866.226563,4110.128418,4011.581543,3501.333496,3032.552246,2852.256592,2770.38623,2702.866455,2555.567627,2555.52124,,IL2-097 1 hr,,5213.506836,4025.091064,3306.480469,2984.714355,2897.880127,3216.433594,2786.164063,2800.147461,2808.598877,2981.028809,2751.702393,2809.95459
IL2-060 4 hr,,45258.80078,31069.84766,26304.45508,24314.89844,34549.24219,14069.17676,19097.3418,32106.49219,14541.56641,8617.683594,6878.70459,5829.754883,,,,,,,,,,,,,,,,,,,,,,,,,,,,,,,,IL2-097 30 min,,5688.736328,4102.4375,3407.208496,2929.218262,2808.370117,2924.563721,2793.081055,2880.724609,2743.379639,2732.576172,2698.069824,2621.630615
IL2-060 4 hr,,52628.60938,48880.00781,48239.20703,46267.54297,46978.875,57702.71875,44569.92578,50307.29297,40139.69922,35836.67188,31322.83594,17006.88477,,,,,,,,,,,,,,,,,,,,,,,,,,,,,,,,,,,,,,,,,,,,,
IL2-060 2 hr,,48123.79297,46306.96094,49177.50391,44183.32031,41827.83984,34994.07031,32340.5918,34142.14063,28659.76367,26562.24414,10204.69629,8759.722656,,,Na夫e Non-Treg T helper cells (Foxp3-CD45RA+),,,,,,,,,,,,,,,Na夫e Non-Treg T helper cells (Foxp3-CD45RA+),,,,,,,,,,,,,,,Na夫e Non-Treg T helper cells (Foxp3-CD45RA+),,,,,,,,,,,,
IL2-060 1 hr,,59165.64063,47713.81641,51799.53516,51608.99219,55019.90625,50612.64063,47926.89844,38463.34375,21136.75586,5559.739746,5327.574219,3077.907715,,,nM treatment:,84,28,9.333333333,3.111111111,1.037037037,0.345679012,0.115226337,0.038408779,0.012802926,0.004267642,0.001422547,0.000474182,,,nM treatment:,84,28,9.333333333,3.111111111,1.037037037,0.345679012,0.115226337,0.038408779,0.012802926,0.004267642,0.001422547,0.000474182,, ,nM treatment:,84,28,9.333333333,3.111111111,1.037037037,0.345679012,0.115226337,0.038408779,0.012802926,0.004267642,0.001422547,0.000474182
IL2-060 30 min,,72476.11719,67750.42969,66095.10156,60370.17969,58349.82813,60778.75391,42238.12891,17485.74805,11355.21289,15401.51172,5723.831055,5808.957031,,,,1,2,3,4,5,6,7,8,9,10,11,12,,,,1,2,3,4,5,6,7,8,9,10,11,12,,,,1,2,3,4,5,6,7,8,9,10,11,12
,,,,,,,,,,,,,,,IL2-062 4 hr,,5765.711426,5196.282227,5533.02002,5032.843262,4999.923828,7255.130371,4586.245117,4231.035156,4297.023438,3781.397461,3449.55835,3066.28418,,IL2-088 4 hr,,4917.026367,4765.411133,4482.265625,4326.739258,4183.409668,3825.608643,3473.093506,3271.546387,3158.395996,2899.308594,2819.229492,2664.093506,,IL2-097 4 hr,,4119.882324,3309.159668,3274.119873,3064.395264,3082.183594,3046.586914,2646.870117,2732.796875,2631.5979,2509.754883,2546.355957,2470.633301
,Non-Treg T helper cells (Foxp3-) (na夫e and memory combined),,,,,,,,,,,,,,IL2-062 2 hr,,4844.007324,5078.720703,4997.133301,5102.645508,4395.724609,6082.970215,4475.832031,4921.240234,4650.302734,4394.546387,4011.489746,4191.244141,,IL2-088 2 hr,,4693.384766,4117.76709,3944.978271,3496.247314,3547.449707,3457.17749,3145.854736,2920.519531,2858.722168,2872.896484,2692.554199,2625.504395,,IL2-097 2 hr,,4204.688965,3285.244141,3094.423584,3020.401367,3088.720703,3041.56958,2866.440918,2888.645996,2861.441406,2908.321289,2847.554688,3076.177979
,nM treatment:,84,28,9.333333333,3.111111111,1.037037037,0.345679012,0.115226337,0.038408779,0.012802926,0.004267642,0.001422547,0.000474182,,IL2-062 1 hr,,5245.707031,5236.674316,5234.132813,5458.725586,5093.13623,5722.821289,4199.232422,3775.462891,2886.708252,2821.651123,2231.216797,2288.850586,,IL2-088 1 hr,,5823.871582,5386.080078,4634.037109,3526.710449,3659.967285,3268.753906,2965.806641,2842.757813,2789.673584,2719.446777,2563.217285,2584.471191,,IL2-097 1 hr,,4131.008789,3476.720459,3080.10376,2901.908691,2849.683594,3174.014404,2771.042725,2772.640869,2774.486084,2928.751709,2736.068359,2787.532227
,,1,2,3,4,5,6,7,8,9,10,11,12,,,,,,,,,,,,,,,,,,,,,,,,,,,,,,,,IL2-097 30 min,,4454.453125,3589.73877,3156.023438,2854.155762,2726.587158,2879.05542,2782.195801,2836.524414,2713.849854,2724.208984,2682.306152,2623.060547
IL2-060 4 hr,,15224.21777,11149.43164,11518.4209,9332.048828,7145.568359,8161.653809,6867.341797,6674.579102,6083.890137,5616.10498,4824.909668,5043.44043,,,,,,,,,,,,,,,,,,,,,,,,,,,,,,,,,,,,,,,,,,,,,
IL2-060 4 hr,,12008.44922,9067.875,6730.612305,7373.787109,6463.239258,5868.62207,5739.177734,6177.835449,5093.740234,4690.12207,4715.084473,4237.376465,,,Memory Non-Treg T helper cells (Foxp3-CD45RA-),,,,,,,,,,,,,,,Memory Non-Treg T helper cells (Foxp3-CD45RA-),,,,,,,,,,,,,,,Memory Non-Treg T helper cells (Foxp3-CD45RA-),,,,,,,,,,,,
IL2-060 4 hr,,13902.70703,12102.68457,10641.09668,8362.339844,7098.346191,8294.457031,6373.389648,6458.083008,5992.060547,5219.649414,4838.144043,4339.276855,,,nM treatment:,84,28,9.333333333,3.111111111,1.037037037,0.345679012,0.115226337,0.038408779,0.012802926,0.004267642,0.001422547,0.000474182,,,nM treatment:,84,28,9.333333333,3.111111111,1.037037037,0.345679012,0.115226337,0.038408779,0.012802926,0.004267642,0.001422547,0.000474182,,,nM treatment:,84,28,9.333333333,3.111111111,1.037037037,0.345679012,0.115226337,0.038408779,0.012802926,0.004267642,0.001422547,0.000474182
IL2-060 2 hr,,7310.841797,6514.09375,5832.880859,5582.339844,5630.949707,6593.929688,5228.101563,5385.169434,4989.453125,4383.230469,4063.072754,4009.432617,,,,1,2,3,4,5,6,7,8,9,10,11,12,,,,1,2,3,4,5,6,7,8,9,10,11,12,,,,1,2,3,4,5,6,7,8,9,10,11,12
IL2-060 1 hr,,10240.87109,8155.466309,5462.140625,5436.705078,6481.177734,4864.303711,4330.920898,3678.781006,2971.709961,2713.48584,2698.508545,2690.635742,,IL2-062 4 hr,,10099.13867,9055.56543,10099.21289,7886.474609,7608.300293,8954.914063,6198.581543,5696.73291,5646.501953,4626.846191,3943.554199,3270.112549,,IL2-088 4 hr,,38766.20313,29890.02148,24353.44922,20215.50391,14982.7041,8351.411133,5207.60498,4060.708252,3551.006348,3017.709229,2894.356445,2710.562988,,IL2-097 4 hr,,11023.87109,5592.650391,4803.993164,3978.67334,3627.584229,3265.83374,2869.628662,2782.665771,2609.500488,2459.626709,2565.916748,2399.695313
IL2-060 30 min,,28799.50195,23885.00391,15182.82031,15427.16797,12899.4541,7470.901367,5675.171875,3739.844238,4279.757813,4277.493652,3837.973145,3428.570068,,IL2-062 2 hr,,6751.531738,7906.206543,7536.283691,6948.258789,5995.146973,7975.799316,6019.228516,6507.436035,5637.396484,4929.47168,4523.912109,4636.056641,,IL2-088 2 hr,,26446.34375,16913.25781,11219.45605,6621.328125,5218.623535,4275.591797,3541.59375,3033.371826,2930.702881,2955.546387,2720.446533,2707.62207,,IL2-097 2 hr,,7805.777832,4628.243164,3705.580566,3384.987305,3272.040527,3267.184814,2903.294189,2964.415771,2958.56543,3064.397705,2869.702881,3111.825439
,,,,,,,,,,,,,,,IL2-062 1 hr,,8533.451172,10128.03027,8979.928711,8334.126953,7840.347656,8796.803711,5926.663574,4689.624512,3222.033691,3100.977295,2405.312744,2398.955322,,IL2-088 1 hr,,25471.61719,21595.70508,13627.61035,6042.025879,4856.254883,4001.238281,3145.59082,2873.805908,2769.640137,2692.161133,2555.567627,2545.712646,,IL2-097 1 hr,,9357.305664,5767.163086,3875.866943,3151.201172,2990.224365,3327.664307,2831.008789,2890.677002,2881.145508,3083.231201,2812.725098,2854.856445
,Na夫e Non-Treg T helper cells (Foxp3-CD45RA+),,,,,,,,,,,,,,,,,,,,,,,,,,,,,,,,,,,,,,,,,,,,IL2-097 30 min,,11350.53906,6319.8125,4007.41748,3063.711426,2911.18335,2997.079102,2848.289795,3004.593262,2791.129395,2749.030273,2762.113525,2657.883789
,nM treatment:,84,28,9.333333333,3.111111111,1.037037037,0.345679012,0.115226337,0.038408779,0.012802926,0.004267642,0.001422547,0.000474182,,,,,,,,,,,,,,,,,,,,,,,,,,,,,,,,,,,,,,,,,,,,,
,,1,2,3,4,5,6,7,8,9,10,11,12,,,,,,,,,,,,,,,,,,,,,,,,,,,,,,,,,,,,,,,,,,,,,
IL2-060 4 hr,,7996.685547,7322.390625,7584.627441,6644.255371,5788.161133,7032.14502,5584.843262,5610.854492,5151.07666,5091.575684,4617.82666,4737.783203,,,,,,,,,,,,,,,,,,,,,,,,,,,,,,,,,,,,,,,,,,,,,
IL2-060 4 hr,,5884.376465,5951.435547,5345.089844,5906.518555,5198.679688,5695.493652,5183.769531,5305.654785,4905.851563,4695.078125,4683.999512,4373.335938,,,,,,,,,,,,,,,,,,,,,,,,,,,,,,,,,,,,,,,,,,,,,
IL2-060 4 hr,,6654.99707,6612.262207,6641.249023,6015.938965,5591.539551,6754.963867,5326.029297,5392.74707,5085.600586,4655.378906,4409.661133,4151.82373,,,,,,,,,,,,,,,,,,,,,,,,,,,,,,,,,,,,,,,,,,,,,
IL2-060 2 hr,,5050.717285,4852.486816,4688.79248,4655.424316,4717.168945,5769.992188,4518.241211,4732.831055,4488.960938,4167.869141,3953.260254,3861.994141,,,,,,,,,,,,,,,,,,,,,,,,,,,,,,,,,,,,,,,,,,,,,
IL2-060 1 hr,,5385.008789,4898.807617,4125.546875,4077.004395,4670.636719,4106.702148,3644.38208,3432.770508,2890.79248,2703.362793,2707.042725,2683.945801,,,,,,,,,,,,,,,,,,,,,,,,,,,,,,,,,,,,,,,,,,,,,
IL2-060 30 min,,15161.2207,12457.87109,7914.220215,7827.97998,6934.007324,6327.952148,5270.451172,3865.763428,4184.42627,4112.972168,3716.248291,3468.406006,,,,,,,,,,,,,,,,,,,,,,,,,,,,,,,,,,,,,,,,,,,,,
,,,,,,,,,,,,,,,,,,,,,,,,,,,,,,,,,,,,,,,,,,,,,,,,,,,,,,,,,,
,Memory Non-Treg T helper cells (Foxp3-CD45RA-),,,,,,,,,,,,,,,,,,,,,,,,,,,,,,,,,,,,,,,,,,,,,,,,,,,,,,,,,
,nM treatment:,84,28,9.333333333,3.111111111,1.037037037,0.345679012,0.115226337,0.038408779,0.012802926,0.004267642,0.001422547,0.000474182,,,,,,,,,,,,,,,,,,,,,,,,,,,,,,,,,,,,,,,,,,,,,
,,1,2,3,4,5,6,7,8,9,10,11,12,,,,,,,,,,,,,,,,,,,,,,,,,,,,,,,,,,,,,,,,,,,,,
IL2-060 4 hr,,40465.19922,27219.78125,26931.76367,22458.8418,16311.54395,14038.14844,17682.60547,14833.88184,10988.49805,6924.535645,5296.488281,5639.943359,,,,,,,,,,,,,,,,,,,,,,,,,,,,,,,,,,,,,,,,,,,,,
IL2-060 4 hr,,33097.67188,21020.36719,15189.21094,14188.75684,13058.96582,7575.280273,9187.130859,10161.26953,6384.645508,5194.290039,5101.820313,4342.870605,,,,,,,,,,,,,,,,,,,,,,,,,,,,,,,,,,,,,,,,,,,,,
IL2-060 4 hr,,39366.21484,31056.17969,27070.22656,20998.03125,16808.4043,20127.08984,12977.28223,13511.30469,9774.038086,6389.793457,5620.521484,4691.626465,,,,,,,,,,,,,,,,,,,,,,,,,,,,,,,,,,,,,,,,,,,,,
IL2-060 2 hr,,20916.51953,14500.53027,11593.30371,9190.15918,9706.489258,9550.716797,7792.415039,7217.985352,6175.047363,4870.947754,4305.905273,4263.018555,,,,,,,,,,,,,,,,,,,,,,,,,,,,,,,,,,,,,,,,,,,,,
IL2-060 1 hr,,24961.28906,17790.25586,13617.02148,13377.42676,15628.59863,8010.759277,6867.552734,4229.783203,3128.251221,2742.382813,2698.411377,2705.881592,,,,,,,,,,,,,,,,,,,,,,,,,,,,,,,,,,,,,,,,,,,,,
IL2-060 30 min,,48146.91016,40702.19141,33714.38672,32926.80078,28647.82422,10549.05859,6460.650391,4119.798828,4512.699219,4652.293457,4065.754395,3526.371826,,,,,,,,,,,,,,,,,,,,,,,,,,,,,,,,,,,,,,,,,,,,,
,,,,,,,,,,,,,,,,,,,,,,,,,,,,,,,,,,,,,,,,,,,,,,,,,,,,,,,,,,
*Start replicate 2,,,,,,,,,,,,,,,,,,,,,,,,,,,,,,,,,,,,,,,,,,,,,,,,,,,,,,,,,,
,NK cells,,,,,,,,,,,,,,,NK cells,,,,,,,,,,,,,,,NK cells,,,,,,,,,,,,,,,NK cells,,,,,,,,,,,,
,nM treatment:,84,28,9.333333333,3.111111111,1.037037037,0.345679012,0.115226337,0.038408779,0.012802926,0.004267642,0.001422547,0.000474182,,,nM treatment:,84,28,9.333333333,3.111111111,1.037037037,0.345679012,0.115226337,0.038408779,0.012802926,0.004267642,0.001422547,0.000474182,,,nM treatment:,84,28,9.333333333,3.111111111,1.037037037,0.345679012,0.115226337,0.038408779,0.012802926,0.004267642,0.001422547,0.000474182,,,nM treatment:,84,28,9.333333333,3.111111111,1.037037037,0.345679012,0.115226337,0.038408779,0.012802926,0.004267642,0.001422547,0.000474182
,,1,2,3,4,5,6,7,8,9,10,11,12,,,,1,2,3,4,5,6,7,8,9,10,11,12,,,,1,2,3,4,5,6,7,8,9,10,11,12,,,,1,2,3,4,5,6,7,8,9,10,11,12
IL2-060 4 hr,,1791.183105,1773.03186,1740.360352,1487.527832,1163.433105,845.7828979,781.77948,770.2075806,739.7282104,716.5282593,665.3811035,612.5176392,,IL2-062 4 hr,,1747.176392,1499.16748,1091.245972,850.232666,892.4644775,917.3067627,809.2751465,793.2266846,715.2683716,725.5145874,707.0684204,522.6594238,,IL2-088 4 hr,,1575.714844,1665.822388,1494.79834,1299.363281,1023.649963,965.5249023,824.9389648,671.1783447,645.3442383,657.3001099,661.0767212,597.2615356,,IL2-097 4 hr,,1829.069702,1365.129028,1173.985107,1228.271729,762.0056763,797.9068604,778.288269,734.9312744,698.0784912,687.3562012,677.7585449,621.0675049
IL2-060 2 hr,,1382.398071,1532.73999,1377.837158,799.8348389,729.6733398,700.1004639,751.9914551,642.9111938,611.3340454,663.7758789,684.6100464,670.3068237,,IL2-062 2 hr,,1381.707642,833.3588257,822.2753906,780.8951416,774.4647827,807.519043,835.9492798,761.8482056,665.1142578,675.6066895,599.9846802,530.7351074,,IL2-088 2 hr,,1762.335815,1747.907227,1527.813965,682.3200684,753.6954956,671.6497192,614.6196289,647.5783691,610.0577393,622.0484619,620.8869629,586.3575439,,IL2-097 2 hr,,1648.394531,1087.806763,782.1000977,866.2126465,806.7285767,698.4328003,793.9151001,752.0440674,683.2907715,642.7319336,634.1762085,599.069458
IL2-060 1 hr,,2279.955566,2201.813721,1573.931519,887.4891357,806.5769043,865.4998779,649.9465942,613.909729,616.0753174,651.5524292,608.8634033,557.7236328,,IL2-062 1 hr,,2220.13501,1353.022217,919.6256104,922.9003296,962.3171387,918.1036377,706.2595215,828.5747681,678.9630127,714.0997314,696.7102051,663.8726807,,IL2-088 1 hr,,2338.71875,2280.904541,1683.20874,783.2365112,717.5577393,599.883667,677.9797974,627.0447388,623.7989502,641.1681519,586.7390137,584.8328857,,IL2-097 1 hr,,1596.977783,960.6242676,849.8018799,650.9708252,668.6771851,699.8691406,678.3823853,654.3391113,614.0076294,529.3756714,480.3314819,533.4813232
IL2-060 30 min,,2299.113037,2582.890625,1663.681763,899.1636353,909.1259155,719.7636719,678.3739014,640.1934814,595.3380737,542.6575928,566.902771,621.4085693,,IL2-062 30 min,,2206.568848,1419.215332,1126.022827,1196.332886,1016.80188,885.9886475,821.0634766,706.2056885,691.12854,658.3319092,731.2268677,639.5422363,,IL2-088 30 min,,2172.920654,2118.18042,1625.574219,665.8875732,518.078186,628.477417,629.9204712,512.2987061,596.1325073,529.2518311,627.7564697,498.5860596,,IL2-097 30 min,,1806.212891,1231.606934,895.3380737,686.6377563,702.7062378,671.2322388,677.4689941,648.276062,648.3325195,699.965332,621.2193604,630.6756592
,,,,,,,,,,,,,,,,,,,,,,,,,,,,,,,,,,,,,,,,,,,,,,,,,,,,,,,,,,
,CD56bright NK cells,,,,,,,,,,,,,,,CD56bright NK cells,,,,,,,,,,,,,,,CD56bright NK cells,,,,,,,,,,,,,,,CD56bright NK cells,,,,,,,,,,,,
,nM treatment:,84,28,9.333333333,3.111111111,1.037037037,0.345679012,0.115226337,0.038408779,0.012802926,0.004267642,0.001422547,0.000474182,,,nM treatment:,84,28,9.333333333,3.111111111,1.037037037,0.345679012,0.115226337,0.038408779,0.012802926,0.004267642,0.001422547,0.000474182,,,nM treatment:,84,28,9.333333333,3.111111111,1.037037037,0.345679012,0.115226337,0.038408779,0.012802926,0.004267642,0.001422547,0.000474182,,,nM treatment:,84,28,9.333333333,3.111111111,1.037037037,0.345679012,0.115226337,0.038408779,0.012802926,0.004267642,0.001422547,0.000474182
,,1,2,3,4,5,6,7,8,9,10,11,12,,,,1,2,3,4,5,6,7,8,9,10,11,12,,,,1,2,3,4,5,6,7,8,9,10,11,12,,,,1,2,3,4,5,6,7,8,9,10,11,12
IL2-060 4 hr,,2286.907227,1745.398926,1780.425781,1858.21228,1731.527832,1371.995605,1425.618896,965.286377,447.3783875,1135.676392,705.3215942,404.8186646,,IL2-062 4 hr,,2794.813965,2162.565186,1517.842285,1615.537231,1423.616943,1363.558105,1986.869019,784.5717773,1101.502808,1400.755859,568.0418701,737.6797485,,IL2-088 4 hr,,2326.972168,1847.736328,2323.240723,1916.641968,1992.725098,1114.186279,1221.645996,1250.587891,958.0157471,377.1633606,955.0169067,256.6260376,,IL2-097 4 hr,,2390.737793,2248.192139,2431.511719,2723.463623,929.7200317,1488.348511,1194.085449,1487.944336,1059.713867,911.1315308,519.0461426,981.6491699
IL2-060 2 hr,,2003.914917,1740.050049,1994.748657,1037.562012,792.748291,1221.591919,1257.624756,859.6454468,647.5236206,365.5672607,898.3907471,589.3071289,,IL2-062 2 hr,,2327.516113,1272.237305,1451.939087,1180.922119,1171.4104,1220.250732,1544.805298,1689.432495,527.9158936,806.9559326,374.2423096,495.322998,,IL2-088 2 hr,,2707.639404,2003.698242,2330.476807,1260.897949,1953.575439,2128.439941,716.4978027,788.3532715,686.6744385,792.3922119,745.3230591,549.4743652,,IL2-097 2 hr,,3455.01001,2295.37207,1753.720459,1460.503174,1185.926025,811.5335083,670.7558594,1241.04541,728.1462402,656.545166,645.6602783,848.7360229
IL2-060 1 hr,,3969.082275,3490.438965,3179.666016,1995.099854,3478.375977,2008.628662,1166.38916,1053.75354,745.2067261,36.639328,509.8681946,-11.69868279,,IL2-062 1 hr,,5165.066895,3953.251221,2359.297363,2918.974609,2594.143555,2923.696289,1672.75647,1197.421265,1015.484375,1161.281982,697.4932861,792.107666,,IL2-088 1 hr,,3674.286621,3801.512695,3610.345459,2836.560547,1989.527832,2230.409668,1299.030518,648.6131592,181.9689636,479.9721069,422.9517517,877.4432373,,IL2-097 1 hr,,3804.235596,3488.077637,2229.157471,1065.867188,1230.968506,928.5505371,846.4008789,1080.030273,827.6265869,541.8149414,802.1690063,444.3019104
IL2-060 30 min,,4183.672852,3480.959961,3833.443848,2682.15918,3696.719971,1843.618286,1290.842041,436.0859375,470.0704346,554.0013428,350.4022827,679.8127441,,IL2-062 30 min,,3976.52832,4433.022461,3587.829346,3350.876465,3477.831787,2340.286621,1547.236816,940.3880615,1135.863525,1027.654419,729.2888794,1036.48291,,IL2-088 30 min,,3220.271729,2765.667236,3392.908447,1748.198975,1163.52002,1014.021118,609.2415161,901.239502,483.2608643,221.510498,396.9187317,602.9567261,,IL2-097 30 min,,2764.008789,4147.647461,2254.526611,1549.511353,1628.907104,860.5187378,390.2089844,892.7786865,817.2994385,747.0856323,927.9675903,1006.536987
,,,,,,,,,,,,,,,,,,,,,,,,,,,,,,,,,,,,,,,,,,,,,,,,,,,,,,,,,,
,Cytotoxic T cells (CD3+CD8+),,,,,,,,,,,,,,,Cytotoxic T cells (CD3+CD8+),,,,,,,,,,,,,,,Cytotoxic T cells (CD3+CD8+),,,,,,,,,,,,,,,Cytotoxic T cells (CD3+CD8+),,,,,,,,,,,,
,nM treatment:,84,28,9.333333333,3.111111111,1.037037037,0.345679012,0.115226337,0.038408779,0.012802926,0.004267642,0.001422547,0.000474182,,,nM treatment:,84,28,9.333333333,3.111111111,1.037037037,0.345679012,0.115226337,0.038408779,0.012802926,0.004267642,0.001422547,0.000474182,,,nM treatment:,84,28,9.333333333,3.111111111,1.037037037,0.345679012,0.115226337,0.038408779,0.012802926,0.004267642,0.001422547,0.000474182,,,nM treatment:,84,28,9.333333333,3.111111111,1.037037037,0.345679012,0.115226337,0.038408779,0.012802926,0.004267642,0.001422547,0.000474182
,,1,2,3,4,5,6,7,8,9,10,11,12,,,,1,2,3,4,5,6,7,8,9,10,11,12,,,,1,2,3,4,5,6,7,8,9,10,11,12,,,,1,2,3,4,5,6,7,8,9,10,11,12
IL2-060 4 hr,,2778.100098,2309.09668,1606.544067,1103.829712,870.5072632,803.9415894,788.2993164,822.3956299,735.1309814,765.0058594,743.8451538,715.6231689,,IL2-062 4 hr,,1542.705566,1094.213501,896.7416992,862.2453003,849.5477905,877.3464355,830.8312378,796.4349365,801.4101563,776.4654541,767.4754028,664.4846191,,IL2-088 4 hr,,2507.717773,2372.14209,1359.741333,980.8775635,816.1130981,754.8918457,695.7421875,731.1889648,722.7298584,693.5917358,724.7110596,705.0905151,,IL2-097 4 hr,,1361.878418,969.3809814,1015.162476,1084.356079,772.7334595,810.4782104,833.43396,799.7293091,809.6464844,767.4612427,785.8279419,737.2923584
IL2-060 2 hr,,1553.520752,1607.241211,1028.106201,768.8820801,767.5543213,756.3636475,783.0657959,737.8969116,693.5697021,737.6618652,737.9121094,708.897522,,IL2-062 2 hr,,1166.793701,822.7761841,874.4830933,808.4766846,814.2003784,833.1625977,853.2630005,775.1287842,748.0715332,729.1696167,717.1341553,667.3134766,,IL2-088 2 hr,,2126.050049,1913.827881,1255.484131,718.6694336,724.7412109,715.9940186,669.1212158,678.019043,685.0366821,703.1367188,695.6921387,656.8008423,,IL2-097 2 hr,,1269.260742,963.7130127,787.875,847.0070801,789.1369629,776.7714844,820.9523315,808.1200562,791.3861084,740.9614868,697.7958984,733.824646
IL2-060 1 hr,,2861.34668,2638.542236,1177.653076,797.7590942,785.7332153,760.1849365,723.8552246,702.8199463,693.9168091,692.0923462,694.7348022,695.9446411,,IL2-062 1 hr,,1571.763428,1067.387329,880.6452026,833.3858643,811.251709,823.2052002,778.9352417,827.3723755,751.9990234,791.6402588,729.1176758,725.5929565,,IL2-088 1 hr,,2964.157715,2711.915527,1301.140137,754.4066162,716.2404785,705.1719971,712.4179688,721.3477783,713.5019531,682.9499512,696.7612305,697.6524658,,IL2-097 1 hr,,1316.779419,830.0129395,751.0946655,728.2563477,726.9364014,714.588562,727.5169067,745.0697021,740.3308105,642.7331543,632.5667725,634.8027954
IL2-060 30 min,,3662.175293,3360.181152,1200.327515,814.6289063,790.5701904,774.2175293,690.3371582,700.3728027,722.1453247,726.9182129,697.2496338,685.1829834,,IL2-062 30 min,,1669.170166,1043.522827,919.0219727,888.0718384,850.0310059,808.8657227,807.499939,797.8981934,791.2252197,775.7103271,748.013855,747.7172852,,IL2-088 30 min,,3402.296631,2612.901367,1205.549438,710.6897583,627.4095459,676.5823975,718.0458984,679.9770508,668.84021,684.9832153,635.335083,627.3919678,,IL2-097 30 min,,1278.795776,863.5169678,818.8516846,763.4735107,778.619751,745.0408325,752.8973389,760.1109619,803.1412354,778.4329834,746.4677734,755.8120117
,,,,,,,,,,,,,,,,,,,,,,,,,,,,,,,,,,,,,,,,,,,,,,,,,,,,,,,,,,
,T-regulatory cells (na夫e and memory combined),,,,,,,,,,,,,,,T-regulatory cells (na夫e and memory combined),,,,,,,,,,,,,,,T-regulatory cells (na夫e and memory combined),,,,,,,,,,,,,,,T-regulatory cells (na夫e and memory combined),,,,,,,,,,,,
,nM treatment:,84,28,9.333333333,3.111111111,1.037037037,0.345679012,0.115226337,0.038408779,0.012802926,0.004267642,0.001422547,0.000474182,,,nM treatment:,84,28,9.333333333,3.111111111,1.037037037,0.345679012,0.115226337,0.038408779,0.012802926,0.004267642,0.001422547,0.000474182,,,nM treatment:,84,28,9.333333333,3.111111111,1.037037037,0.345679012,0.115226337,0.038408779,0.012802926,0.004267642,0.001422547,0.000474182,,,nM treatment:,84,28,9.333333333,3.111111111,1.037037037,0.345679012,0.115226337,0.038408779,0.012802926,0.004267642,0.001422547,0.000474182
,,1,2,3,4,5,6,7,8,9,10,11,12,,,,1,2,3,4,5,6,7,8,9,10,11,12,,,,1,2,3,4,5,6,7,8,9,10,11,12,,,,1,2,3,4,5,6,7,8,9,10,11,12
IL2-060 4 hr,,30551.19922,25763.96875,28887.31641,27318.82227,30349.01172,30528.32227,30280.83203,28526.59766,27591.21875,21157.48047,5655.817871,3871.362305,,IL2-062 4 hr,,35817.34375,32891.52734,32882.75,35436.82813,35772.71094,30383.52734,32449.29883,30316.05078,31138.50195,18506.71875,11618.04297,5554.292969,,IL2-088 4 hr,,25386.06641,22573.34375,25640.22266,24263.81445,26097.95313,24941.79297,25339.0625,23626.20703,18782.81641,10106.49023,12142.87012,5029.883789,,IL2-097 4 hr,,28196.60547,28519.67773,28800.49414,31300.9375,27827.22266,23325.08789,20940.73242,19561.22461,6818.460938,5590.085938,4883.302246,3992.679688
IL2-060 2 hr,,19679.13867,22556.06445,22374.48438,16269.96289,18367.50391,18243.59766,27911.11328,21448.01367,25060.2207,7796.871582,6196.162109,4424.999023,,IL2-062 2 hr,,23457.66992,10665.48242,26430.70703,24576.09766,14338.07617,30516.28125,34949.08203,33363.1875,22468.94531,16113.7334,5166.862305,4942.221191,,IL2-088 2 hr,,30314.76953,28539.20117,29185.34961,30668.03516,29079.70703,26511.50977,25060.40625,20158.49219,5524.262695,4505.714844,4683.169922,4261.940918,,IL2-097 2 hr,,37008.72656,35338.25781,32726.58789,32006.32227,28552.39063,27574.99609,21565.97656,9323.250977,6011.376465,6637.14502,4449.008789,4433.793945
IL2-060 1 hr,,37143.89453,35886.60156,40050.16406,38094.31641,37082.125,36387.46875,36719.79688,30494.0625,20152.35352,10329.01465,5311.561035,4163.78418,,IL2-062 1 hr,,43250.76953,45026.36719,42949.86719,40621.8125,37433.67578,35153.28516,18058.71484,29043.03906,15551.47559,6890.228027,9141.101563,4442.624023,,IL2-088 1 hr,,34510.67578,33566.36328,35446.92188,36527.11328,33713.29297,30963.20508,29176.76172,19341.76758,7427.949707,5682.290039,8877.519531,4205.935547,,IL2-097 1 hr,,40186.21094,39626.1875,39452.27734,31353.07422,31225.88281,26878.25781,11238.25781,6154.209961,6343.996094,3773.608887,3215.361328,3305.746582
IL2-060 30 min,,39930.34375,40506.76172,42479.48047,39322.75391,39829.91797,37970.80469,36557.92969,23034.73828,12494.05566,6102.473145,5835.269531,5802.375,,IL2-062 30 min,,45187.15625,41083.82813,37949.85938,40873.48828,45158.36719,36845.29688,30608.69531,16450.33008,8293.416016,5379.712891,4942.006348,5879.182617,,IL2-088 30 min,,40189.08203,34079.44531,37859.49219,28591.95898,33034.44141,29014.56836,20985.32031,10952.76074,5108.701172,4116.768555,4624.436523,5835.266602,,IL2-097 30 min,,46038.17188,42333.92188,44073.53125,33080.07813,27652.31836,16291.49414,12568.43652,6516.359375,6632.923828,6406.19043,5321.983398,7454.168457
,,,,,,,,,,,,,,,,,,,,,,,,,,,,,,,,,,,,,,,,,,,,,,,,,,,,,,,,,,
,Na夫e T-regulatory cells (CD45RA+),,,,,,,,,,,,,,,Na夫e T-regulatory cells (CD45RA+),,,,,,,,,,,,,,,Na夫e T-regulatory cells (CD45RA+),,,,,,,,,,,,,,,Na夫e T-regulatory cells (CD45RA+),,,,,,,,,,,,
,nM treatment:,84,28,9.333333333,3.111111111,1.037037037,0.345679012,0.115226337,0.038408779,0.012802926,0.004267642,0.001422547,0.000474182,,,nM treatment:,84,28,9.333333333,3.111111111,1.037037037,0.345679012,0.115226337,0.038408779,0.012802926,0.004267642,0.001422547,0.000474182,,,nM treatment:,84,28,9.333333333,3.111111111,1.037037037,0.345679012,0.115226337,0.038408779,0.012802926,0.004267642,0.001422547,0.000474182,,,nM treatment:,84,28,9.333333333,3.111111111,1.037037037,0.345679012,0.115226337,0.038408779,0.012802926,0.004267642,0.001422547,0.000474182
,,1,2,3,4,5,6,7,8,9,10,11,12,,,,1,2,3,4,5,6,7,8,9,10,11,12,,,,1,2,3,4,5,6,7,8,9,10,11,12,,,,1,2,3,4,5,6,7,8,9,10,11,12
IL2-060 4 hr,,23540.82617,19722.25391,22470.61719,22490.56641,22068.16016,22212.57617,24128.48828,22991.28906,23308.65039,17483.38477,4041.639648,2956.019043,,IL2-062 4 hr,,29654.79492,25720.16602,27084.66992,27819.58398,26997.35547,23706.03711,26875.14648,20816.53125,25243.32031,15548.79395,11530.68555,4064.679932,,IL2-088 4 hr,,20198.11914,18992.60156,20928.8125,18669.30078,21693.24414,18445.71094,19291.47852,18080.98633,18107.10156,9639.408203,11849.13281,3730.594727,,IL2-097 4 hr,,22541.12891,19899.5293,22384.99609,24612.82422,23545.33008,19027.33594,16158.15918,14653.04688,4592.92627,3759.729492,3298.799805,3155.385986
IL2-060 2 hr,,13813.38965,14701.52344,17683.11914,12639.73242,13571.22949,12679.72461,20550.1875,18440.87891,19309.37305,7706.836914,5891.481445,2772.56543,,IL2-062 2 hr,,17771.21094,9164.889648,20145.32031,20510.25781,10880.04199,21262.20508,26723.30273,22919.62891,15412.0332,12745.1543,4368.498535,3805.699219,,IL2-088 2 hr,,23679.01953,24761.95703,24301.64453,21415.22852,22893.51172,20724.71484,20636.63281,12855.90625,4604.568359,3379.111084,4846.957031,3611.443848,,IL2-097 2 hr,,26252.37891,26194.83008,23070.34375,22698.11914,20886.50195,19066.89453,14367.82031,6717.73877,5175.150879,4691.458984,3691.05957,4099.437012
IL2-060 1 hr,,27645.42578,26086.05273,30655.85938,27918.12305,29062.68164,29814.79297,31378.90234,25097.34961,17046.80859,10329.01465,4634.877441,3018.308838,,IL2-062 1 hr,,31981.21484,30617.34766,32587.63867,32288.78516,27732.99023,29695.70117,13498.2666,21411.94141,11209.66211,5468.010742,7016.313477,4047.898926,,IL2-088 1 hr,,24243.08789,26236.13672,26769.86328,26943.55078,29556.96094,23685.7168,23996.91992,14376.22559,5520.115723,4289.781738,8801.111328,3841.206055,,IL2-097 1 hr,,28744.22461,33503.69531,32244.57031,27672.00391,25367.26172,12573.15234,5330.672363,4860.050293,2993.301025,2989.727539,2773.298828,2841.635986
IL2-060 30 min,,29180.68164,28426.24023,34388.42969,28736.15625,29289.21875,30795.10352,29377.82813,18040.41211,10665.70801,4881.607422,5019.601074,4403.347656,,IL2-062 30 min,,35645.94922,28152.52344,28433.20898,31595.16992,35440.90625,25183.42188,20197.75977,14904.67676,6033.598633,4636.039063,4217.106445,4512.061035,,IL2-088 30 min,,30873.97656,26458.30273,28028.14063,24865.53906,25000.48047,26470.11719,17283.92383,7306.623047,3617.400146,3033.088379,3643.887695,4635.15918,,IL2-097 30 min,,31798.11914,33701.875,32163.98828,16118.29785,15272.33301,10691.94922,7372.432129,4866.921875,5616.32373,4398.820801,4052.883789,10558.85352
,,,,,,,,,,,,,,,,,,,,,,,,,,,,,,,,,,,,,,,,,,,,,,,,,,,,,,,,,,
,Memory T-regulatory cells (CD45RA-),,,,,,,,,,,,,,,Memory T-regulatory cells (CD45RA-),,,,,,,,,,,,,,,Memory T-regulatory cells (CD45RA-),,,,,,,,,,,,,,,Memory T-regulatory cells (CD45RA-),,,,,,,,,,,,
,nM treatment:,84,28,9.333333333,3.111111111,1.037037037,0.345679012,0.115226337,0.038408779,0.012802926,0.004267642,0.001422547,0.000474182,,,nM treatment:,84,28,9.333333333,3.111111111,1.037037037,0.345679012,0.115226337,0.038408779,0.012802926,0.004267642,0.001422547,0.000474182,,,nM treatment:,84,28,9.333333333,3.111111111,1.037037037,0.345679012,0.115226337,0.038408779,0.012802926,0.004267642,0.001422547,0.000474182,,,nM treatment:,84,28,9.333333333,3.111111111,1.037037037,0.345679012,0.115226337,0.038408779,0.012802926,0.004267642,0.001422547,0.000474182
,,1,2,3,4,5,6,7,8,9,10,11,12,,,,1,2,3,4,5,6,7,8,9,10,11,12,,,,1,2,3,4,5,6,7,8,9,10,11,12,,,,1,2,3,4,5,6,7,8,9,10,11,12
IL2-060 4 hr,,36002.72266,31045.94531,32837.14453,30778.69531,35691.35547,33558.46875,34169.51172,32741.1582,28365.15625,21934.36719,6546.958008,4281.652344,,IL2-062 4 hr,,40088.28125,38809.96094,37809.39453,39477.86719,39105.86719,34470.16016,35716.92188,34169.24609,35421.84375,21573.4375,11553.64063,5948.195801,,IL2-088 4 hr,,28821.25977,26178.13672,27410.59766,26420.98438,27520.65234,30026.07813,27760.24414,27243.89063,19634.5293,10025.3125,13089.02441,5461.733398,,IL2-097 4 hr,,30398.70117,32481.57617,31478.28906,34610.76172,31686.83398,25500.3125,22853.66992,20478.86719,10619.7998,7333.311523,5222.980957,4822.84375
IL2-060 2 hr,,22321.35547,27248.94531,24257.58984,18670.54688,19484.62109,21169.37891,31245.82227,24093.61328,28171.31641,7304.05957,6239.515137,5143.108887,,IL2-062 2 hr,,27669.21875,11074.93457,29156.62109,27216.82813,17878.95313,35646.14063,38578.03906,38283.11719,26370.27344,17357.59766,5459.933594,5237.831055,,IL2-088 2 hr,,34033.9375,32801.04297,33344.73438,33326.08594,34134.60156,29866.48047,29826.31641,24546.00781,5826.773438,5079.012695,4725.697754,4506.546875,,IL2-097 2 hr,,41019.06641,39289.45703,38089.89063,37256.35156,32911.46094,30990.11523,26235.63281,12764.45703,6737.901367,7153.543945,4941.476074,4627.721191
IL2-060 1 hr,,41281.5,38400.17188,42820.69531,41260.03516,40695.63281,41106.86328,39245.86328,31953.13672,21811.88281,10474.89844,5662.291992,4350.658691,,IL2-062 1 hr,,49127.00391,49397.49219,48813.30469,45294.54297,40491.5,37900.04688,19500.58594,32280.90234,15632.53223,8836.521484,9922.515625,4615.427734,,IL2-088 1 hr,,37537.51563,35670.49609,37744.99219,38423.94922,35631.04688,33614.73438,30978.93359,22723.94727,7721.618164,6440.703125,9083.828125,4519.230469,,IL2-097 1 hr,,45320.3125,45019.13281,43623.83594,36305.09766,33133.69531,29500.93359,15673.33594,6351.543457,7967.052246,3824.075439,3333.731445,3449.51123
IL2-060 30 min,,45717.27344,44738.26953,46695.53125,43918.13281,45154.60938,42448.44141,39166.27344,25953.33984,12867.50195,6435.746582,6082.598633,6192.966797,,IL2-062 30 min,,49384.44141,47350.00781,45392.28906,47890.47656,50512.62109,42299.52344,34173.26563,22742.39453,10205.32031,5814.515137,5313.3125,6493.626953,,IL2-088 30 min,,41967.04297,38591.89844,39588.14063,32362.14453,35376.15625,30350.61719,24291.64648,11681.14063,5929.55957,4406.212891,5192.027344,6850.292969,,IL2-097 30 min,,49339.05078,47142.44922,46448.08594,38999.09375,31581.74609,17492.04297,14575.59961,6705.600098,7225.959961,6784.749512,5807.744629,7533.893066
,,,,,,,,,,,,,,,,,,,,,,,,,,,,,,,,,,,,,,,,,,,,,,,,,,,,,,,,,,
,Non-Treg T helper cells (Foxp3-) (na夫e and memory combined),,,,,,,,,,,,,,,Non-Treg T helper cells (Foxp3-) (na夫e and memory combined),,,,,,,,,,,,,,,Non-Treg T helper cells (Foxp3-) (na夫e and memory combined),,,,,,,,,,,,,,,Non-Treg T helper cells (Foxp3-) (na夫e and memory combined),,,,,,,,,,,,
,nM treatment:,84,28,9.333333333,3.111111111,1.037037037,0.345679012,0.115226337,0.038408779,0.012802926,0.004267642,0.001422547,0.000474182,,,nM treatment:,84,28,9.333333333,3.111111111,1.037037037,0.345679012,0.115226337,0.038408779,0.012802926,0.004267642,0.001422547,0.000474182,,,nM treatment:,84,28,9.333333333,3.111111111,1.037037037,0.345679012,0.115226337,0.038408779,0.012802926,0.004267642,0.001422547,0.000474182,,,nM treatment:,84,28,9.333333333,3.111111111,1.037037037,0.345679012,0.115226337,0.038408779,0.012802926,0.004267642,0.001422547,0.000474182
,,1,2,3,4,5,6,7,8,9,10,11,12,,,,1,2,3,4,5,6,7,8,9,10,11,12,,,,1,2,3,4,5,6,7,8,9,10,11,12,,,,1,2,3,4,5,6,7,8,9,10,11,12
IL2-060 4 hr,,8241.109375,5981.587891,5429.386719,4660.94043,4467.704102,4497.257813,4441.740234,4070.789063,3743.61377,3634.361816,3163.26123,2982.608887,,IL2-062 4 hr,,7006.450684,5698.87793,5754.823242,5413.094727,5846.441895,5369.919434,5397.105469,4988.145996,4598.960938,4356.425293,3873.915527,3545.901855,,IL2-088 4 hr,,7056.405762,5999.785156,5795.506836,5163.395996,4934.388672,5019.395996,4243.863281,3826.690918,3576.212646,3536.335205,3477.21582,3299.512451,,IL2-097 4 hr,,5915.25293,4764.008789,4724.289063,4672.234375,4437.760254,4090.83252,4079.96167,3928.194824,4053.315186,3565.781738,3620.921387,3347.519043
IL2-060 2 hr,,4875.838867,4647.291016,4180.687012,4017.804932,4093.96167,4174.286621,4261.956055,4048.251953,3575.654297,3527.649414,3338.956787,3230.482422,,IL2-062 2 hr,,4861.163086,3732.27124,4956.499512,4410.050781,4184.219238,4412.412109,4526.744629,4484.705566,3685.044434,3591.391602,3501.589355,3474.613037,,IL2-088 2 hr,,5082.000977,4874.431641,4827.732422,4351.15918,4211.155273,4202.210449,4154.720703,3684.396484,3585.387207,3733.193359,3407.610107,3412.51416,,IL2-097 2 hr,,5303.975586,5231.646484,4440.498535,4429.47168,4007.821533,4022.773438,3943.011719,3880.697754,3667.832275,3456.861816,3226.042236,3734.679688
IL2-060 1 hr,,7683.279297,7016.713379,5982.12793,6159.119629,5714.322266,5724.203125,4901.662109,3973.970947,3681.424805,3274.657715,3382.070801,3117.408936,,IL2-062 1 hr,,6593.302734,6171.94043,5673.79834,5438.713867,5513.135742,5119.974121,4348.666016,4182.15332,3682.44165,3926.203613,3719.091064,3574.294922,,IL2-088 1 hr,,7040.344727,7194.770508,6066.700195,4233.540527,4173.856934,4041.944336,3909.147949,3872.484375,3810.735596,3699.119629,3570.892578,3374.677246,,IL2-097 1 hr,,5848.84082,4424.866699,3960.85791,3648.190918,3700.759766,3607.356445,3646.35083,3541.583008,3189.443848,2829.661621,2493.265381,2987.80542
IL2-060 30 min,,15755.25391,15185.77148,11020.85059,8763.492188,8232.509766,6314.388672,4668.234863,3964.945557,3837.172852,3780.597168,3510.952393,3596.373535,,IL2-062 30 min,,7750.651855,5966.572266,5728.640625,5680.178711,5917.975586,4669.044922,3407.806885,4197.604492,3628.418701,3761.647461,3829.135742,3939.626221,,IL2-088 30 min,,14806.17383,11380.83984,8180.146484,4008.504395,4213.55127,3998.759277,3595.605469,3749.831299,3471.620605,3280.639648,3175.308594,2950.135986,,IL2-097 30 min,,5738.8125,4842.186035,4378.369141,3914.308105,4164.51416,4191.42627,4160.604004,4382.643555,4524.558594,4315.550781,3735.99707,4092.797852
,,,,,,,,,,,,,,,,,,,,,,,,,,,,,,,,,,,,,,,,,,,,,,,,,,,,,,,,,,
,Na夫e Non-Treg T helper cells (Foxp3-CD45RA+),,,,,,,,,,,,,,,Na夫e Non-Treg T helper cells (Foxp3-CD45RA+),,,,,,,,,,,,,,,Na夫e Non-Treg T helper cells (Foxp3-CD45RA+),,,,,,,,,,,,,,,Na夫e Non-Treg T helper cells (Foxp3-CD45RA+),,,,,,,,,,,,
 ,nM treatment:,84,28,9.333333333,3.111111111,1.037037037,0.345679012,0.115226337,0.038408779,0.012802926,0.004267642,0.001422547,0.000474182,, ,nM treatment:,84,28,9.333333333,3.111111111,1.037037037,0.345679012,0.115226337,0.038408779,0.012802926,0.004267642,0.001422547,0.000474182,, ,nM treatment:,84,28,9.333333333,3.111111111,1.037037037,0.345679012,0.115226337,0.038408779,0.012802926,0.004267642,0.001422547,0.000474182,, ,nM treatment:,84,28,9.333333333,3.111111111,1.037037037,0.345679012,0.115226337,0.038408779,0.012802926,0.004267642,0.001422547,0.000474182
,,1,2,3,4,5,6,7,8,9,10,11,12,,,,1,2,3,4,5,6,7,8,9,10,11,12,,,,1,2,3,4,5,6,7,8,9,10,11,12,,,,1,2,3,4,5,6,7,8,9,10,11,12
IL2-060 4 hr,,4245.620605,3742.668945,3709.675537,3620.603271,3533.788574,3647.484619,3551.881104,3383.640137,3121.275635,3121.1521,2832.99707,2611.690918,,IL2-062 4 hr,,4934.51123,4381.187988,4664.212891,4493.768066,4852.081543,4433.972656,4454.338867,4154.46582,3921.354004,3891.496826,3445.872559,3219.112793,,IL2-088 4 hr,,4315.145996,3966.02417,4212.821289,4031.54834,4012.800049,4233.02832,3697.131348,3398.315918,3234.118164,3241.562012,3082.290527,3004.460938,,IL2-097 4 hr,,4200.964844,3837.125977,3990.610596,3971.130371,3818.810547,3646.187012,3688.626465,3519.734619,3697.438965,3168.989014,3293.520996,2991.331055
IL2-060 2 hr,,3898.065918,3652.786621,3400.556396,3426.506836,3444.156494,3426.195801,3571.55835,3518.80542,3164.287109,3155.889648,3036.976563,2902.493164,,IL2-062 2 hr,,3947.927734,3235.137695,4077.362549,3753.041504,3569.480713,3616.091797,3889.000977,3876.81543,3285.076904,3176.395752,3166.361084,3124.144531,,IL2-088 2 hr,,3845.897461,3736.749512,3830.782227,3679.298584,3632.028564,3665.033691,3726.98584,3285.336914,3218.46167,3400.718018,3093.237793,3114.457031,,IL2-097 2 hr,,4257.359863,4097.739746,3831.552246,3829.650879,3488.051758,3604.895996,3491.461426,3497.090576,3351.177246,3137.449219,2940.859375,3364.808594
IL2-060 1 hr,,4867.482422,4553.62207,4296.618164,4429.498047,4318.76416,4179.784668,3943.043213,3427.454102,3301.712158,2935.763184,3112.304688,2837.983398,,IL2-062 1 hr,,4740.212402,4547.124023,4532.511719,4470.451172,4460.305664,4234.545898,3870.887695,3712.330322,3298.976074,3589.161133,3361.397949,3203.75293,,IL2-088 1 hr,,4621.39502,4623.341797,4451.643066,3639.869141,3644.164551,3545.970947,3547.545654,3469.173828,3444.527588,3398.569092,3268.52832,3114.790283,,IL2-097 1 hr,,4176.234375,3607.808594,3335.971191,3241.950684,3282.813477,3253.411377,3263.788574,3239.359375,2901.58252,2547.6875,2265.544434,2779.526611
IL2-060 30 min,,8203.668945,7825.041016,5943.485352,5186.711914,5445.561035,4911.683594,3976.019531,3587.700195,3518.559082,3464.937256,3203.233398,3289.492188,,IL2-062 30 min,,5455.343262,4458.234863,4588.699219,4675.676758,4833.79541,3972.5,2971.041504,3735.372559,3285.453125,3396.664307,3448.274902,3554.729004,,IL2-088 30 min,,7698.833496,5990.274902,5133.33252,3592.441162,3698.770996,3584.782227,3234.411377,3372.201172,3157.74585,2972.209961,2853.492432,2632.804688,,IL2-097 30 min,,4249.181152,3852.854492,3698.088867,3484.331299,3759.802979,3783.531494,3737.793457,4038.296875,4132.185059,3996.230713,3334.381836,3715.704346
,,,,,,,,,,,,,,,,,,,,,,,,,,,,,,,,,,,,,,,,,,,,,,,,,,,,,,,,,,
,Memory Non-Treg T helper cells (Foxp3-CD45RA-),,,,,,,,,,,,,,,Memory Non-Treg T helper cells (Foxp3-CD45RA-),,,,,,,,,,,,,,,Memory Non-Treg T helper cells (Foxp3-CD45RA-),,,,,,,,,,,,,,,Memory Non-Treg T helper cells (Foxp3-CD45RA-),,,,,,,,,,,,
,nM treatment:,84,28,9.333333333,3.111111111,1.037037037,0.345679012,0.115226337,0.038408779,0.012802926,0.004267642,0.001422547,0.000474182,,,nM treatment:,84,28,9.333333333,3.111111111,1.037037037,0.345679012,0.115226337,0.038408779,0.012802926,0.004267642,0.001422547,0.000474182,,,nM treatment:,84,28,9.333333333,3.111111111,1.037037037,0.345679012,0.115226337,0.038408779,0.012802926,0.004267642,0.001422547,0.000474182,,,nM treatment:,84,28,9.333333333,3.111111111,1.037037037,0.345679012,0.115226337,0.038408779,0.012802926,0.004267642,0.001422547,0.000474182
,,1,2,3,4,5,6,7,8,9,10,11,12,,,,1,2,3,4,5,6,7,8,9,10,11,12,,,,1,2,3,4,5,6,7,8,9,10,11,12,,,,1,2,3,4,5,6,7,8,9,10,11,12
IL2-060 4 hr,,24167.95703,18780.19336,13960.61035,10532.18066,9935.599609,9482.133789,9288.494141,6842.006348,4982.794922,4503.947754,3676.027344,3451.34375,,IL2-062 4 hr,,15591.54492,11025.66504,9271.6875,8225.108398,9339.422852,8197.236328,8517.810547,7099.078125,6057.393555,5236.268555,4528.328613,4037.066406,,IL2-088 4 hr,,19350.13867,15980.30664,13020.62695,10559.59082,8042.894043,7422.329102,5315.09375,4512.846191,4205.734375,3986.225342,4026.85498,3713.129639,,IL2-097 4 hr,,13279.58203,7618.976563,6699.033691,6255.395508,5481.62793,4885.756348,4713.205078,4529.168945,4621.692383,4033.302734,4129.173828,3985.91748
IL2-060 2 hr,,9256.380859,9348.53125,6498.943359,5725.410645,6157.353516,6241.661621,6066.044434,5132.162598,4269.891602,4096.458984,3884.140137,3744.774658,,IL2-062 2 hr,,7505.265625,4997.709961,7003.235352,6009.45752,5479.302734,6039.905273,6012.210449,5604.332031,4407.64502,4233.930664,4087.120361,3999.445068,,IL2-088 2 hr,,10976.59375,9918.783203,7780.800781,5721.46875,5381.988281,5101.966797,4847.650391,4222.540039,4108.428711,4357.319336,3893.827148,3933.378906,,IL2-097 2 hr,,8484.123047,8273.665039,5600.421387,5379.94873,4771.062012,4678.784668,4574.84375,4391.842773,4201.59082,3895.589355,3617.060059,4246.223145
IL2-060 1 hr,,16905.24023,15171.60742,12605.85547,16496.97461,12672.72949,13162.13672,8351.328125,4937.992188,4316.790039,3755.815918,3783.634766,3538.328613,,IL2-062 1 hr,,13348.95898,10806.57813,9479.771484,8671.599609,8464.981445,7618.609375,5417.46875,5106.410645,4171.280762,4496.771973,4270.671387,4078.408203,,IL2-088 1 hr,,15709.36523,15184.03711,11991.40234,5536.726563,5256.621094,4769.003418,4509.500977,4520.804199,4389.819336,4180.833984,4107.004883,3780.531494,,IL2-097 1 hr,,10623.57813,6563.93457,4987.245605,4250.143066,4294.4375,4147.393555,4244.095703,3995.504395,3691.00708,3282.514893,2833.301758,3438.967285
IL2-060 30 min,,27509.13281,26974.14844,24701.5918,24173.49609,23737.55078,12613.69336,6108.768555,4600.099121,4310.494629,4238.042969,3981.467529,4047.883301,,IL2-062 30 min,,16424.39258,11426.37793,9708.109375,8612.472656,8619.900391,6097.170898,4116.647461,4871.140625,4135.851074,4282.387207,4402.574219,4474.300293,,IL2-088 30 min,,27018.45703,21771.13672,19358.53516,4667.911621,4963.990234,4576.976074,4174.029297,4237.187012,3962.195801,3708.743164,3621.217285,3495.735596,,IL2-097 30 min,,11264.70313,7543.611328,5579.099609,4541.330566,4836.419922,4838.469238,4767.004395,5025.204102,5145.303711,4967.324219,4299.675781,4644.306152